,Molecular weight,Isoelectric point,Dipole,Formal charge,Average charge,Area,ALASurfFrac,ARGSurfFrac,ASNSurfFrac,ASPSurfFrac,CYSSurfFrac,GLNSurfFrac,GLUSurfFrac,GLYSurfFrac,HISSurfFrac,ILESurfFrac,LEUSurfFrac,LYSSurfFrac,METSurfFrac,PHESurfFrac,PROSurfFrac,SERSurfFrac,THRSurfFrac,TRPSurfFrac,TYRSurfFrac,VALSurfFrac,NSurfPoints,Shape max,Shape min,SurfEpMaxFormal,SurfEpMinFormal,SurfEpMeanFormal,SurfEpTrimeanFormal,SurfEpMedianFormal,SurfEpSumFormal,SurfEpStdFormal,NSurfPosEpFormal,SurfEpPosMeanFormal,SurfEpPosTrimeanFormal,SurfEpPosMedianFormal,SurfEpPosSumFormal,SurfEpPosStdFormal,NSurfNegEpFormal,SurfEpNegMeanFormal,SurfEpNegTrimeanFormal,SurfEpNegMedianFormal,SurfEpNegSumFormal,SurfEpNegStdFormal,SurfMhpMax,SurfMhpMin,SurfMhpMean,SurfMhpTrimean,SurfMhpMedian,SurfMhpSum,SurfMhpStd,NSurfPosMhp,SurfPosMhpMean,SurfPosMhpTrimean,SurfPosMhpMedian,SurfPosMhpSum,SurfPosMhpStd,NSurfNegMhp,SurfNegMhpMean,SurfNegMhpTrimean,SurfNegMhpMedian,SurfNegMhpSum,SurfNegMhpStd,SurfEpMaxAverage,SurfEpMinAverage,SurfEpMeanAverage,SurfEpTrimeanAverage,SurfEpMedianAverage,SurfEpSumAverage,SurfEpStdAverage,NSurfPosEpAverage,SurfEpPosMeanAverage,SurfEpPosTrimeanAverage,SurfEpPosMedianAverage,SurfEpPosSumAverage,SurfEpPosStdAverage,NSurfNegEpAverage,SurfEpNegMeanAverage,SurfEpNegTrimeanAverage,SurfEpNegMedianAverage,SurfEpNegSumAverage,SurfEpNegStdAverage,ShellEpMaxFormal,ShellEpminFormal,ShellEpMeanFormal,ShellEpTrimeanFormal,ShellEpMedianFormal,ShellEpSumFormal,ShellEpStdFormal,NShellPosEpFormal,ShellEpPosMeanFormal,ShellEpPosTrimeanFormal,ShellEpPosMedianFormal,ShellEpPosSumFormal,ShellEpPosStdFormal,NShellNegEpFormal,ShellEpNegMeanFormal,ShellEpNegTrimeanFormal,ShellEpNegMedianFormal,ShellEpNegSumFormal,ShellEpNegStdFormal
Molecular weight,1.0,0.0009991174626720026,0.26355501006610216,0.33983782091699005,0.30994688955879096,0.841143476923816,7.426435455648587e-05,0.013084750238187256,5.082393817592924e-05,0.0047292878284388735,0.017689570278261516,0.009790169241120103,0.0019398382075605275,9.471802428539422e-08,0.00512428773352879,0.018110658291045023,0.006732919200678842,0.0009157913245149712,0.11296965024174976,0.0038731216948458417,0.002931299471464807,3.4094773004716385e-06,0.0005708751007275774,0.0009321586311831834,0.0007121694328036186,0.012554246330679038,0.8318920337552945,0.008888279025371667,0.1258709620509991,0.025732473258512294,0.18643397554392874,0.13963857267770677,0.14349402419478932,0.14459790194959857,0.5253676933815324,0.05155952386797564,0.003824045725824539,0.018550033025015386,0.01882442168640516,0.017717059791618854,0.001538683742656908,0.016709348737647997,0.7764190550832166,0.166909830027051,0.16736853661557477,0.16906357738277272,0.5700038181228828,0.10860981242882681,0.10059975902956404,0.11455147715933874,0.1420380937188427,0.13706397024330544,0.15290149688553986,0.8660528371023865,0.008422419766080415,0.4476392430605992,0.011923064831363142,0.022414403897347415,0.025689007099336712,0.3262433372890814,0.00448566343635427,0.857905881509459,0.18669538386210532,0.18618401953777977,0.1876301753398975,0.8767936734350346,0.09835480332251394,0.018542525343265056,0.17170503559296613,0.12243276838276639,0.1262124380132799,0.1272060053877628,0.49314342570521874,0.04838236567451366,0.0067541198448659865,0.014928411591735982,0.014003802769608723,0.014229504537194517,0.003106155858963103,0.013401929956574153,0.7625889067123104,0.1482473241131342,0.149542500037784,0.15035355659962138,0.5457694473483701,0.09959200347930827,0.019690763326149666,0.17501649794179358,0.11227008237338211,0.11142289360630091,0.11164799373453393,0.11223009963407629,0.08746599788823173,0.036694776502628784,0.0069928118443520326,0.004890044229619803,0.006156330625091732,0.013652060662306661,0.011499589745300062,0.03669477650262865,0.14198713523034073,0.13312603481004023,0.12970757825200413,0.13135548675495645,0.14419353907894294
Isoelectric point,0.0009991174626720026,1.0,0.001996626781017326,0.38796203266045554,0.41114398705932415,2.8329487053044105e-05,0.00465846992442904,0.10402435508034664,9.452990502903941e-05,0.15634466338137706,0.001913988502901925,0.0003230784268044644,0.16490604181974808,0.0007267159014119004,0.009728052580624475,0.003980411304119315,0.0019423215804814243,0.04252682027663809,1.0300641225285173e-05,0.004097054316832788,0.0006965467729109715,0.002657376539361794,0.00032477503219304475,0.005462985204385245,0.0025794193448662505,0.002201976582216926,2.596332650026276e-05,0.012627690372340806,0.0005570690882238397,0.5673552778399192,0.36772493279525365,0.5738440678704757,0.5683152741295233,0.5626033288114235,0.16544516458486036,0.0016667538649146778,0.5640498222516821,0.6405350400009217,0.6232175286876792,0.6166040625453563,0.5433884277166745,0.5601291530370973,0.08154929151593111,0.3556291544557315,0.35299137675900855,0.3534833618838202,0.10194229053791044,0.33893391849981186,0.0007577464332632451,8.484031541049798e-05,0.01679798263971049,0.018984867660625807,0.02082080677718339,0.0017521570933681527,0.005854797585734851,0.003400527143066125,0.013136793847567328,0.014193160191717038,0.014444775504119912,0.009393143157258877,0.002839545456691932,0.0003383511729480445,0.008123202540759917,0.009992748848659746,0.011636336155446472,0.0005872480100975711,0.003863442315258073,0.5826930521472606,0.38474752809180324,0.5973167110190026,0.5918592555159401,0.5859847394698433,0.1799633856802039,0.002049840491417086,0.5606640617710865,0.6573327400540082,0.6430100379913961,0.6332223066400299,0.5448109897458397,0.5671921520092712,0.09025169815769112,0.3656826043274801,0.36438673614257866,0.36314294307328465,0.10734236293918621,0.3558368315235802,0.4853332488451359,0.38129773245901427,0.5354494244919371,0.5244854154271679,0.5166568242184543,0.5354337188419429,0.007550555165548042,0.6332832659606149,0.5175078857117397,0.5070002397799754,0.49150747623800894,0.6984618402957589,0.4457165419445148,0.6332832659606146,0.3515701196298112,0.3431955550676939,0.33927806488623086,0.3779748021358831,0.3537856205703829
Dipole,0.26355501006610216,0.001996626781017326,1.0,0.10614428945520271,0.09972797593979618,0.4263036779315823,0.0024179177227997674,0.016003750716240706,0.004680748785518924,6.069647247594918e-05,0.013839825260782753,0.004763166306962915,0.004524241311802323,0.01936184083994746,0.015362637962984364,0.00033404121713889403,0.00040945399190101765,0.002217821298178498,0.00840986066586446,0.0008399666761888518,0.005249669949481381,3.382449128894524e-05,0.006473961227475031,0.0005428191557587926,0.0023241480297293217,0.0005984823851933617,0.42904721150067027,0.10318252967395931,0.06359880073446637,0.033860686761468896,0.1051452783357481,0.021450481378095916,0.023618039070387977,0.024752687427969343,0.21852662932665629,0.44090609426091826,0.05780518582186257,0.046232837230027565,0.044653948817197565,0.04502516407313611,0.05287459546676215,0.052967505029347633,0.313130777517083,0.0631435680210948,0.06098444972573844,0.060182349935761555,0.26528979709005635,0.23438875971037457,0.07324478284584493,0.031635625821655335,0.00826907118178753,0.009639130098684138,0.01595895550775685,0.37972280048505747,0.005400844575321028,0.32710980031180614,0.004246708514715631,0.0020840342195564653,0.001757945347334034,0.2661411997822386,0.0068522446735532865,0.41692498948353035,0.048436622954050275,0.04773614476946217,0.045314782199885044,0.40973880766317083,0.013134888741010901,0.0361248508475945,0.1063407627930078,0.01978598352174927,0.021731626373546024,0.02272198026768088,0.2094300229341393,0.43952645371813404,0.060828449031962335,0.048238141981454506,0.047391475148888335,0.04754227025321999,0.05599248711447207,0.054888064097190284,0.3059846699838587,0.06374917174517164,0.061169878801053956,0.06027823560070487,0.26237898508449414,0.22514765228927427,0.044447037969322395,0.10486935116762834,0.00567998115193563,0.005240651078291381,0.005471569979537581,0.005674980191784771,0.381668557229154,0.01215184473757438,0.06861425661450996,0.07000506947307882,0.06427190769620202,0.02698013473238409,0.05769303307013357,0.012151844737574425,0.0531606330246029,0.04656671801722159,0.044497181913750905,0.019470961040385423,0.16132243363720553
Formal charge,0.33983782091699005,0.38796203266045554,0.10614428945520271,1.0,0.9976039727559524,0.2996278228423252,9.088748494153307e-06,0.019825630653676277,0.0010097567185755663,0.13376529427913664,0.0018216692066468593,0.005099221490788777,0.17484367149457183,0.0011390116984474534,0.00016106532585612464,0.023729292127596793,0.011805112844974468,0.04007664513588392,0.03884502913643473,0.008058128604063021,7.248773192572197e-07,0.0025297186014334064,0.00019154307178011383,4.421513617968549e-05,0.0006753827740312185,0.008651859457281615,0.2973024596054283,3.0814455335238297e-07,0.03240765018879978,0.5652083542211734,0.7307931597793554,0.8737042642767403,0.8729058800373904,0.8702006059170629,0.8513315299298051,0.04697015175933033,0.29599347262029546,0.39468536314232766,0.3625580273073953,0.3494805237498633,0.221620822006871,0.4449932135609561,0.5540543404896555,0.8557073206924093,0.8545654189379209,0.8515867267786871,0.7911603391275649,0.48771968377001046,0.02481647507367162,0.04067594042949252,0.10062713482380828,0.10207566365458647,0.1081446562342959,0.3401974112429501,0.02266358268577793,0.12096876176202387,0.02915795633811944,0.04010470695342334,0.04240757976403178,0.0632968899618088,0.0003621616672950401,0.3190306268412964,0.0796825456587096,0.0861660874125305,0.08951392644089282,0.32644174391408637,0.029239680017843207,0.5510021348510573,0.7275548769826866,0.8630962848577419,0.8624065395279954,0.8597901172110639,0.859635482918134,0.04292026723443462,0.2956577450150478,0.39341510874840635,0.36107283069359136,0.347570719089769,0.22370580296536227,0.4413689784103165,0.5723112276904653,0.8414149941776351,0.8406286167293191,0.8377329453177219,0.7945165582624435,0.49391130220738877,0.4810477451825431,0.7580084117349006,0.7974303746387063,0.7853672139934427,0.7743002135533191,0.7973920820476635,0.11318574238331106,0.4638629038330366,0.35200325145222283,0.33866044482331414,0.3188533692339073,0.3213138677587804,0.38130303551567857,0.4638629038330364,0.7699064233403685,0.7498520772521273,0.7339799813837419,0.7890160994248663,0.5882143772421867
Average charge,0.30994688955879096,0.41114398705932415,0.09972797593979618,0.9976039727559524,1.0,0.27735642618352346,4.7713284713547506e-05,0.022625321981493317,0.0010243739735251252,0.13683972168997474,0.0014900510977768062,0.004818209452437024,0.18319883875732987,0.0011452376376705606,0.0001118923866487008,0.021977798926654874,0.010884353723006569,0.040325213366263116,0.03433174768030576,0.007623672316761235,3.3474791730099373e-05,0.002574731070113855,0.00014256665417220125,0.00010850796767938455,0.0005352948439545324,0.006993595527195797,0.2753773588320107,1.1817131302111459e-06,0.029425207809807064,0.5769103565019881,0.7314093679504831,0.8816994607803893,0.8805350679314324,0.877619763893248,0.8393255241427104,0.0459983725679411,0.30902048008240934,0.4026468166983601,0.36970473759090866,0.3565424757014251,0.23193222666567656,0.453971291327619,0.5306524799301905,0.8611205412180861,0.8597547784889293,0.8565061635927844,0.7765677081275753,0.49149300234690596,0.02275384959190435,0.03810132569591773,0.09391323753901576,0.09594645485565179,0.10224260137187033,0.3149884317377956,0.02056229443249047,0.11280557753124387,0.027544723949887544,0.03786895938062067,0.04006887404365921,0.058435458834842434,0.0003768077093400305,0.29524143409561876,0.07574450003732311,0.08241413813425821,0.0857522476820987,0.30219536665984364,0.026798665311358598,0.5658223754265833,0.7319884657201211,0.8757587698107487,0.8747041055867982,0.8718730425287845,0.8512176746355917,0.042169447882534135,0.3108233518586788,0.40342549502670666,0.3702311364646788,0.356415976690001,0.23542263659189822,0.4526895612435837,0.5499757543201514,0.8514497339073983,0.8504092887124745,0.8473059609695649,0.7827733739011353,0.5002153834755088,0.4908602240684325,0.759378116939768,0.8042349041433323,0.7918886263141034,0.7805275125144396,0.8041971420783104,0.11160060357877835,0.46928417150365215,0.36010583458310214,0.3466204039219089,0.325887139930452,0.32746172362200654,0.38973607853424647,0.46928417150365215,0.774491443557351,0.7544224677765544,0.7382748249080755,0.7941292968486657,0.5904775841168625
Area,0.841143476923816,2.8329487053044105e-05,0.4263036779315823,0.2996278228423252,0.27735642618352346,1.0,5.22737902761121e-06,0.014685236214059646,0.001275005408769326,0.00019685225466424964,0.019469790416007857,0.019949222492852907,0.0009740332215136952,0.004374179761076395,0.016318972365943398,0.0049828136772805285,9.638306378821636e-05,2.5128989625570673e-05,0.06935587063584522,0.0011027605929844083,0.0007672319923326733,0.0006049847249382142,0.0008601753197305407,0.0004216545739391142,4.055293256042983e-06,0.0002698595461054865,0.9997593283229784,0.05921098971735065,0.1486774734423652,0.003478676924754962,0.15514106029437794,0.09412643878011191,0.09699662344313706,0.09767571103930162,0.5625546749882834,0.09833911172655795,0.026536436394480778,0.00234732291491279,0.002831255518085648,0.002633965023438063,0.013620045880715822,0.0012700098845029844,0.8655341403260143,0.12872516788575164,0.1277031566441018,0.1279493411241517,0.6268136917121776,0.12454266789312969,0.12567314838926474,0.10922940328997088,0.058410295278520895,0.0582572276401652,0.07067909127623002,0.9188824469723498,0.00022371693908931764,0.6975940562082966,0.0014368351872122613,0.004987605078575071,0.0060318493164079265,0.5317964242606873,0.0049428853531403635,0.9874670420463195,0.10953327832844673,0.11034869686634911,0.11017871065512319,0.9703475443496261,0.05004439080392864,0.0017101638851105354,0.14781720655266867,0.08408153640092796,0.08682202208638984,0.08739724597645575,0.5350897934293429,0.0948986227168644,0.03189810346545923,0.0014542361518139503,0.001425583000514905,0.0015925341238919558,0.017125724957417834,0.0007396364599178652,0.8506171638778878,0.11832553200116122,0.11773832844243466,0.11754269850472052,0.6095453792746464,0.11660063827219476,0.0016031004104860498,0.13534276993932187,0.05788289672320802,0.056438300333106435,0.05615370794760301,0.05786116158922487,0.11616167062005497,0.007287433067511499,7.52626276216308e-09,0.00026247368269667604,4.45693431228681e-06,0.001231282007233074,0.00022027221984822194,0.007287433067511509,0.09178958831126886,0.08401669672278884,0.08112980444483457,0.07568037886144005,0.12764386097021269
ALASurfFrac,7.426435455648587e-05,0.00465846992442904,0.0024179177227997674,9.088748494153307e-06,4.7713284713547506e-05,5.22737902761121e-06,1.0,0.04149572983878226,0.005436062947484697,0.013242744304051325,0.005477644465062877,0.00015862462467251947,0.005458373416561527,0.0007096735726228906,0.026014611602323726,0.0052456966706123775,0.001135755966261544,4.937149028725675e-08,0.0009559982039978492,0.004901112860313072,0.00024158569435070234,0.00017120858124712097,0.0069476050016113655,0.0026169879260560997,0.03454457859212094,0.00011891175475064317,1.3564772275539372e-05,0.0002839513066673541,0.0009797845328522073,0.0034162158069713424,0.0018751175357903695,1.7108121043043873e-06,6.6594080536391935e-06,3.2538869619735894e-05,4.393515982073236e-05,0.024830581800241554,0.0033537001460894984,0.005668648418009762,0.0052073023247138335,0.005740680293209923,0.001782292690471982,0.0055256215412909275,0.0006408363658789636,0.0010656144020238644,0.001185377242304108,0.0014092791805394482,1.1016195611088766e-06,0.0066438262937913144,0.00735813086379318,1.988834671645157e-05,0.0020207539717863447,0.007518659260678749,0.013459961921933007,3.481604223606148e-05,0.028382979615571482,0.00043149034055805607,0.012980429771289562,0.01163041842435171,0.010447556012298482,0.0014515872574927717,0.012220375438391268,7.640887461403746e-05,0.0638068944238424,0.0649046124925926,0.06426154216870036,0.00012025597494677629,0.00506912570561705,0.004022137145224632,0.0016830012895022854,3.2447939290494515e-05,3.5526487781806194e-06,2.268062400471439e-06,9.068349559500613e-05,0.02525172503834049,0.004200074514356514,0.0061664875850966075,0.005883304121400754,0.006132511214981489,0.0022503722347387164,0.006330470905677111,0.0008570281773383113,0.0010512922979027653,0.0011601528565547434,0.0014368456217003257,6.806091593556206e-06,0.0058698337128761,0.007710892368494925,0.002914284848019805,0.00013866850962212498,0.000134749203222011,0.00015888031385646772,0.00013782073403848294,0.027182324319589182,0.00563378299053873,0.006507095784864774,0.004564048660929701,0.004883932835681463,0.0030995030730866287,0.012721365308122777,0.005633782990538766,0.0008664424012334777,0.0009368367757916179,0.0006173899931274396,9.059250137426494e-06,0.009256666699498088
ARGSurfFrac,0.013084750238187256,0.10402435508034664,0.016003750716240706,0.019825630653676277,0.022625321981493317,0.014685236214059646,0.04149572983878226,1.0,0.028909389105395488,0.006722314590641724,0.005543939962995164,0.0003547218539804737,0.00017865703735321073,0.017618075720437994,0.0012956368203339758,0.01081977901149944,0.00028744110792705357,0.16810496086348534,0.004919064712428996,0.012572858759723502,0.0005261045672171344,0.0017907691575657855,0.026108936858442993,0.0005907265134686611,0.004698017964719406,0.015009076129699225,0.01450455107745412,3.3971183937404245e-05,0.02167902880249478,0.06866401331449806,0.027218771266924454,0.06397898365298307,0.06334208701341514,0.06201091402959427,0.0018899327017745213,0.014561786101469423,0.058582235600844614,0.08588242645072883,0.09185828881299761,0.08921741742197159,0.0659928992880418,0.06018796919693287,0.0008352986225061414,0.034794765649916945,0.033815752854250695,0.033738842691911346,9.281202764137342e-05,0.011806065177375077,0.00012689089870639633,0.0023818862478270928,0.012279573197750006,0.012606608506984246,0.0064517813279107656,0.020801248637483765,0.04833515691107561,0.0002474758899034275,0.010409012837338536,0.012419991885018088,0.012678865047344862,0.00022379088893174825,0.002343816292967529,0.018981514856190207,0.003527692048571769,0.004818451351239109,0.005329112751681399,0.01690623406752774,0.040260480997917805,0.07315857380835389,0.028356969793206354,0.0680800987839523,0.067573992702333,0.0661185144474801,0.0028005613984934496,0.015929781771558314,0.062227697967725565,0.09210397301462893,0.09325520018702646,0.0949629489818346,0.06881436937217203,0.06515231705530146,0.00044342194153146997,0.035968684767597556,0.035643057679039955,0.03485600681571923,0.00021602386529176093,0.013466489878847153,0.08553794946229339,0.020897979332058825,0.04438209315252151,0.04320209945780255,0.043512703755087166,0.04446502444708011,0.005886199730644475,0.0525362637024182,0.06995493450929911,0.06418763988260913,0.06387120512377928,0.06886237892674459,0.07477801543000084,0.05253626370241825,0.0247120708513585,0.02215487966646909,0.023105617182071516,0.029102674015244467,0.00856245003028615
ASNSurfFrac,5.082393817592924e-05,9.452990502903941e-05,0.004680748785518924,0.0010097567185755663,0.0010243739735251252,0.001275005408769326,0.005436062947484697,0.028909389105395488,1.0,0.0012693770977914803,0.0006309604498084909,0.0008273911716730371,0.016516217635007414,0.0008678001159273182,0.00042652260215905605,3.6785890386954535e-06,0.011099376097143614,0.0020788362323872185,0.009202525628305338,0.001844536693091374,0.0030551591846793525,0.00022868434172538347,0.0068889345008849604,0.00010796679474513834,0.0026920248608446303,0.00627903164007857,0.001348119372977764,0.001067458583639557,0.009119255689115176,0.0005317414819435711,0.0009260355006234218,0.00043889226670940323,0.0005189970054364084,0.0005865914244450654,0.0018009776100991247,0.010415348737747505,0.0009379670319878693,0.0010752737475189654,0.0015800827668189027,0.0010544784868529355,0.001721456800562645,0.0011555803204773662,0.0006303122573065511,0.0015996006660080255,0.001599128713451127,0.0016051306798077571,0.0024595170300069405,0.003942839632216934,4.334849279070314e-05,0.001450696886606927,0.02354150985338518,0.02471674543031793,0.028448274705606093,3.440476807395563e-05,0.0018573600447679343,0.008320324693530227,0.0029009287321339985,0.004228600876164892,0.004481628012903382,0.008728163178037261,8.972947855360986e-06,0.0005565533196423364,0.025361889878020707,0.027435652984853374,0.026182819319139464,6.807244563591662e-05,0.01380906482805715,0.0005290514722244564,0.0011155260043590246,0.00044395812820862676,0.0005234532558913059,0.0005977130694395959,0.0018081125736087373,0.010732212113181388,0.0008799689765519331,0.001168282476087349,0.0013015899551288219,0.0011184680849275891,0.001761268614091933,0.001283831908046032,0.0006200642880238783,0.0017377939870024987,0.0017423913231217432,0.0017309410284440253,0.0025670850078827897,0.0038336096508598387,0.001887593995748248,0.002245557268234937,0.0009680496462561033,0.0011787931883177878,0.0012128262627441582,0.0009629163090156818,0.011171143356292377,6.717480727612652e-06,0.001609917481825226,0.0014967846439437923,0.0009927386711773977,3.5454829856142635e-05,0.0016084669027412847,6.717480727612804e-06,0.0024524914218934093,0.002622821873766391,0.0031901247172067817,0.0014961726403763555,0.0052996272058456455
ASPSurfFrac,0.0047292878284388735,0.15634466338137706,6.069647247594918e-05,0.13376529427913664,0.13683972168997474,0.00019685225466424964,0.013242744304051325,0.006722314590641724,0.0012693770977914803,1.0,0.00010595367416609958,0.01880230577370941,0.00028425386252806724,0.00019497755255905834,0.0011158928962156543,0.020984473176503895,0.0449705727748813,0.0012603759818842917,0.014836261418238164,0.010470761319152888,0.0004002393668865663,0.013611540750798089,0.009323958080873499,0.0006488873431460889,0.002122084537545336,0.023830099403247883,0.00026217352684599054,0.02724746147443206,0.006467562523489854,0.17523855530786034,0.12893533048427885,0.2050079027039763,0.20453997830869236,0.20317997658262166,0.04934195269807516,0.0028630430218068346,0.11166171063721235,0.1282651501218421,0.11660627242055423,0.1136197002585927,0.08471692767155811,0.13924921560275558,0.011900422159741275,0.17470800582198723,0.17239254996212233,0.1734140371511708,0.03598512785534558,0.10794226606655641,0.0056183330649151484,0.0004736879715954589,0.12095893763565614,0.13348408561491115,0.13692488490748378,0.0058244801071808405,0.025017887900020786,0.027420934195135627,0.024060326499066434,0.02980831841077182,0.03199723965374374,0.035296178735518484,0.0008191240897688991,0.00026586336361737056,0.09861302392346719,0.10824245343457434,0.1099105122437538,0.0018108198647448037,0.019555313121263636,0.17357672970173435,0.1305500168597293,0.2059611584490456,0.2054668478734057,0.20413052795583325,0.05167648471168458,0.002580389501476544,0.11131180744699945,0.12773201867530823,0.11808808369151086,0.11350918398292345,0.08399391719452697,0.13722114847419992,0.013426187996428975,0.17420000242084493,0.17338626495359502,0.17296211355580118,0.03679396019619349,0.11070543402495862,0.1365370904330544,0.16212836341822628,0.19967466800917433,0.19961336802384125,0.19689816874735513,0.19969517217085161,0.015486132591617635,0.1372664623798896,0.09306469747137319,0.09218829774217976,0.08753669253665805,0.10370658055373999,0.10151437652149503,0.13726646237988951,0.18393796052778105,0.17745187994852155,0.17469114808055336,0.18734438863671338,0.12708598473081076
CYSSurfFrac,0.017689570278261516,0.001913988502901925,0.013839825260782753,0.0018216692066468593,0.0014900510977768062,0.019469790416007857,0.005477644465062877,0.005543939962995164,0.0006309604498084909,0.00010595367416609958,1.0,9.950258834369916e-05,0.0024558701061920124,0.004730155370394929,0.059863860703721426,0.00044633863257343006,0.006611336248575699,0.014904204465397692,0.004152963552327704,0.0015411439052650687,0.0011404606354004784,1.7198870773695042e-07,0.000533878051854982,8.89505542209525e-05,7.384995929674442e-06,9.015489870201983e-05,0.01939354632972736,0.0012134333617765446,0.002548315767641383,0.0017653606262574752,0.002100515474122011,1.1386651996995409e-05,1.790264883810703e-05,1.2910994178525659e-05,0.007356108714300856,0.008271361241457234,0.002146827362827307,0.003401048710919399,0.003241094550025588,0.0038409060053126226,0.0037350845303061038,0.001743612008312075,0.01459591399303399,0.00025370443015076884,0.00022781237466733617,0.00022776788223345405,0.009428932324233088,0.0024288742361918652,0.00416647364633411,0.01582681085965443,0.018544123045810147,0.019803055279279884,0.02244409692115869,0.023674580646764,0.0007030207649852161,0.008264588035645512,0.0010463165587075677,0.0005077768831844296,0.0005085972658411125,0.006516908760328648,0.000825215903781564,0.020683347800935194,0.03080998516581468,0.03157487672346593,0.030615160682864743,0.023353041609854682,0.01203214505500091,0.002183860470535817,0.0019078000499791043,5.9246481040561634e-05,6.989232289206816e-05,5.550457477351693e-05,0.006805749863987165,0.00866344819226665,0.002261237758889355,0.004116674418251251,0.004871033942496038,0.0049369384790747435,0.00386658915109807,0.001954575239537761,0.014308135834499415,0.00014969206292065977,0.00011972051411400743,0.00011316706659066771,0.00908978276226707,0.002130763321853393,0.007037594650702044,0.002116460371035714,0.00042401393177649325,0.0003782742298473605,0.00039337994592795095,0.00043008427565589016,0.009270988004403714,0.0022229338801695755,0.008866862035797831,0.011054404457329413,0.009662107566383676,0.004392467923986259,0.006433346270281301,0.0022229338801695946,2.5949345718896333e-05,2.719980431603092e-05,3.2126396371185775e-06,1.9814064591862082e-05,0.0020133607025031733
GLNSurfFrac,0.009790169241120103,0.0003230784268044644,0.004763166306962915,0.005099221490788777,0.004818209452437024,0.019949222492852907,0.00015862462467251947,0.0003547218539804737,0.0008273911716730371,0.01880230577370941,9.950258834369916e-05,1.0,0.04670590872368963,0.016326744838495184,0.00010088747397232803,0.01592732112582162,0.011576242526155647,0.10981752277529234,0.005515144158507447,0.0070707275834602555,0.00014807342894595068,0.021396611398859282,7.534331674822101e-05,0.011956868040591716,0.016499983749146435,0.01021888952489525,0.02024934500924152,0.006160172810107783,0.01004131119403598,0.003464022731624058,0.001349981900023516,0.0020281003639943678,0.0017835315636993026,0.0017474343100743121,0.009659343314641806,0.0025330549142639678,0.003208353994722951,0.00671033861286899,0.006660133867831627,0.007817982637331564,0.00010177400919487555,0.004054705966057988,0.014344672241007904,0.0014352345436982224,0.0010869721810994075,0.0011315878774381272,0.01061472893318366,7.248838925302275e-05,1.4621585447539934e-05,0.004854063394967224,0.001997715262010929,0.0020579054444355136,0.00199069627773517,0.01750496963121028,0.005614024682808574,0.011814621497951153,0.002153111593649682,0.0016817636436679767,0.0012050404736369856,0.0064685948923016165,0.0038814376696592787,0.02061798276199652,4.25262173730682e-05,3.433031745101522e-05,3.360524220246201e-05,0.017691912964036233,0.005640201598878703,0.0033472960856542762,0.0012431779148629784,0.0019085156926571185,0.0017000053081789742,0.001647852580263468,0.00935611168351466,0.002683926457880966,0.0032141930488051858,0.006544525770162581,0.007633119387722917,0.007283601606622822,0.00015856387804190334,0.004450778223752073,0.014107929555261273,0.001332654645280528,0.001173195400203802,0.001069836768822653,0.010508920711998734,8.753802935640967e-05,0.0015415948918576308,0.00017540872944088047,0.0010007016164334738,0.0009453366854919776,0.0009112306454053163,0.0009985500992630344,0.0031553382326042615,0.0003298296402855362,0.002732850602255228,0.002979405167865653,0.0035670714226627024,0.002233381280214864,0.0008256985858961523,0.00032982964028554,0.00024839477747452924,0.00012491257491229995,0.000128438826526019,0.0005358194975719291,0.0005775736046546996
GLUSurfFrac,0.0019398382075605275,0.16490604181974808,0.004524241311802323,0.17484367149457183,0.18319883875732987,0.0009740332215136952,0.005458373416561527,0.00017865703735321073,0.016516217635007414,0.00028425386252806724,0.0024558701061920124,0.04670590872368963,1.0,0.006478006304184382,0.010020916337983845,0.01423048082059233,0.035940363943570634,1.3681679934373473e-05,0.002053280893794331,0.033902203980722904,0.02465020230655626,0.05296508551241578,0.015644251544844518,0.018827924321250758,0.00535119312977655,0.004743324351362513,0.0009230502797170606,0.014260893880204099,5.8351497717549525e-05,0.1427894945216587,0.14199266632978197,0.20911332218564957,0.20808931342858838,0.2068025467260614,0.08569977284914577,0.028545195575532655,0.09602030989897982,0.09389691320152856,0.08380837941441237,0.0777848308897173,0.060335446219720694,0.10899981302474922,0.02140428231633657,0.2130807711693638,0.21251925708866462,0.21291192940086398,0.07234608972048104,0.14731500407099765,0.005857380262526511,0.002027201440195476,0.1157816622429859,0.11957979733004424,0.1240926023849253,0.015542101388106277,0.05783459440179672,0.020315715982386195,0.0471183899429776,0.0533142008315538,0.0558433113778884,0.03500311082508977,0.013071812555554835,0.00435167221304275,0.06616369242499949,0.07400768074728183,0.07697085827765558,0.0075668755434908416,0.001901375944939466,0.1443648665268763,0.14961882475970037,0.21653922944944434,0.21518749647742924,0.2140448340696512,0.09085454958020853,0.02952236305981796,0.09701509192646632,0.0952193610689668,0.08494407341901188,0.07920019320157039,0.06023775913525528,0.10870334513771265,0.023565207324750113,0.22321970950547196,0.2244398304183307,0.22260594240733847,0.07600302602590198,0.15472875419824408,0.10821910638195512,0.20749270256887167,0.22288102699017928,0.22345349739456608,0.2207431878989036,0.22289668024321055,0.05283971078736213,0.1456372066410254,0.0945045107925967,0.09124877803427807,0.08423577248541539,0.09919706674814739,0.0871801397361462,0.14563720664102525,0.21671129997072758,0.21670501623636526,0.22046298259542127,0.21621152497347632,0.19466789433442272
GLYSurfFrac,9.471802428539422e-08,0.0007267159014119004,0.01936184083994746,0.0011390116984474534,0.0011452376376705606,0.004374179761076395,0.0007096735726228906,0.017618075720437994,0.0008678001159273182,0.00019497755255905834,0.004730155370394929,0.016326744838495184,0.006478006304184382,1.0,5.126698777684712e-06,0.002345054381057278,0.05100821242060764,0.009047928894890611,0.0030901058895020372,0.0007362406404990202,4.796306657985958e-08,0.006818236971033109,0.006969885976099595,0.003945685856566315,0.0023202588821108626,0.001046970911540651,0.004506230866092188,0.03591437577390404,2.2148878446421684e-06,0.006894605609274507,0.0007949773770401793,5.0329932056367734e-05,4.768922420186213e-05,3.145443862278743e-05,0.003991804268942711,0.027135487321261174,0.003703959212858764,0.006081159360719658,0.005070647746787405,0.00472141920546166,0.0002638472666966557,0.009779227224125605,0.0019242425464393483,0.0005078446700740542,0.00040176312455173754,0.00025859357254221367,0.004566169702685365,0.007809635873018245,0.00040502974244706693,0.0005890183867300233,0.010386199414998083,0.011218590020108953,0.007158164678166719,0.0014455367087571644,0.0193358963037658,0.014194011409155721,0.003585672022735866,0.0042600098290148216,0.004093317698854867,0.013379930666022475,1.3980564535241204e-07,0.0028386359641793973,0.00012099444259808264,0.00014633670626940405,4.8444212135666244e-05,0.002675353967375815,0.0034172501439916265,0.007049334941122023,0.0009036362167283726,4.462901920129966e-05,4.597873471270393e-05,2.970740762510777e-05,0.00395819781632309,0.02766773485208214,0.0043171983677313735,0.0061440080563016095,0.004917949649016977,0.0048611755035753755,0.0003929658538448641,0.01055209584334547,0.0016631702657789668,0.0006808236473749631,0.000481694859542882,0.00035369620242062765,0.0046875993000519405,0.007571854472400331,0.009469671392171577,3.125697844575299e-05,0.0006340363642846563,0.0005273370834750383,0.0006099247798340557,0.0006390984793247536,0.010731079916107533,0.006458945209395476,0.008068272238389813,0.006840220508248508,0.00522252806636248,0.0028991559925941415,0.010127915289103059,0.006458945209395436,0.00014120292316608713,0.00020130424574208583,0.0004287656676011478,0.0001859299312995406,0.0005281996730914942
HISSurfFrac,0.00512428773352879,0.009728052580624475,0.015362637962984364,0.00016106532585612464,0.0001118923866487008,0.016318972365943398,0.026014611602323726,0.0012956368203339758,0.00042652260215905605,0.0011158928962156543,0.059863860703721426,0.00010088747397232803,0.010020916337983845,5.126698777684712e-06,1.0,0.003335867370217686,0.006420507704287717,0.06459857312409042,0.0011646962609716748,0.0031321213195626505,0.0021354168441356557,0.00036339103091530316,0.003899140619511047,0.001238957669989706,0.0046648226488733395,0.02857916183366854,0.01670831794754114,0.019205936135446293,0.0033943532946164885,0.010382013484015089,0.0010868434889815665,0.003658435657804096,0.003510219291676958,0.003414945012382449,0.0020096175076239446,0.005361800193274594,0.013835589716459498,0.0053694007815338115,0.004009771591799979,0.003963168492596456,0.005469490018526211,0.010315677777834372,0.007052383612877564,0.002542257682000157,0.0030905697698420166,0.002753924871733865,0.0031956852970719345,9.475856847759002e-05,0.002338885419946448,0.01175143535863684,0.0014002610380296505,0.0033651955468191256,0.011510929772788519,0.014561510811410867,0.023396424068592256,0.023641539605798855,0.0029362683207321567,0.0027355193623056027,0.002240439322680771,0.022515572558668696,0.0007118338766110385,0.014091949795268708,0.06570555002811632,0.07341811993694877,0.0708890908225512,0.017556540186146812,0.012672704455110763,0.005731495496106577,4.120164355940754e-05,0.000857191316479254,0.0007627852442791593,0.0007178252752100254,0.003429982692114161,0.006013029081139553,0.009247230317121952,0.0028829601749275026,0.0021059337920020576,0.0022013571599858537,0.003924203198687238,0.005857850286123027,0.008144779012829385,0.000362505331710726,0.00042151855038532164,0.0004426135767640748,0.004974176844539667,0.0008086254989451831,0.011065019192967571,0.0014102788778339054,0.007903906486565712,0.008331189764123809,0.00825597126792026,0.007927394450284833,0.0052450593177879225,0.016641634855251566,0.010318224309071691,0.011235241806834153,0.011335172467969591,0.008373162051430955,0.007412990679690327,0.01664163485525158,0.003101818526640711,0.003227063265736988,0.0035758852875872353,0.006069482545955557,0.00011400148618605705
ILESurfFrac,0.018110658291045023,0.003980411304119315,0.00033404121713889403,0.023729292127596793,0.021977798926654874,0.0049828136772805285,0.0052456966706123775,0.01081977901149944,3.6785890386954535e-06,0.020984473176503895,0.00044633863257343006,0.01592732112582162,0.01423048082059233,0.002345054381057278,0.003335867370217686,1.0,0.0155338955553205,0.0001469540578827809,0.01493163218197018,0.010967534313797999,0.023788727974301805,0.0008996204151540823,0.012088366896245796,0.0034450812896828623,0.004639598549871551,0.021760253118283418,0.004744745907518665,0.008011358174896384,0.004287751287535338,0.017169829871788826,0.016942153760061564,0.02193318091397504,0.02211600492714612,0.022041503094621762,0.018422670839284956,0.0019483625404439582,0.014271639887614677,0.003917430369404411,0.0020343096817375316,0.0015509603791629223,0.0028594921600678734,0.011129546947300747,0.012801163829139157,0.026181577346625542,0.027409537880664046,0.027178419401631498,0.017693049300671646,0.008472193168759856,0.010190453545378002,0.007030303933121944,0.2343505190546369,0.23189386966012068,0.2007344533688486,0.03582503600851034,0.18800435034329066,0.03946803976561776,0.08538350397818334,0.10593053486555853,0.11330145399688003,0.06991878352680281,0.010156963929857132,0.01513896370862905,0.03985363174578408,0.036188460256331,0.03614796083779632,0.018206253996236647,0.0015559094774090544,0.015183661339897143,0.015398432256398122,0.019836913079023886,0.019940210051903398,0.01985716437930045,0.017341369777671152,0.0018227337885653948,0.013139718429398093,0.0031777438769778673,0.0017673260114932385,0.0011852124100401853,0.0026244161403426434,0.009886406155258333,0.012947381265356477,0.023838408258568446,0.02462440437313229,0.024778779590030702,0.016654553015214305,0.007925374455724901,0.011480928202629005,0.021879287466254938,0.023306178161031078,0.024162268527878304,0.024117015658823453,0.023318387426229655,0.004407864681402716,0.013317743358498346,0.00333170552806961,0.002876346692536552,0.002482240009119295,0.0023133526261120696,0.0087531243224888,0.013317743358498323,0.028434238173176668,0.02764705001265417,0.026764872649011576,0.027814330366085088,0.014431947640761375
LEUSurfFrac,0.006732919200678842,0.0019423215804814243,0.00040945399190101765,0.011805112844974468,0.010884353723006569,9.638306378821636e-05,0.001135755966261544,0.00028744110792705357,0.011099376097143614,0.0449705727748813,0.006611336248575699,0.011576242526155647,0.035940363943570634,0.05100821242060764,0.006420507704287717,0.0155338955553205,1.0,0.03924569748369121,0.006335443751094526,0.0003779115783088812,0.0008135664779083167,0.02480544125210713,0.00458351141750999,0.00019402740612267758,0.0045887781660129915,0.004554610185258071,7.736965274942981e-05,0.0329540003207852,0.0029558313053965665,0.012590623480347144,0.007610029424049879,0.012225289959519364,0.011550767234261447,0.01087140948844502,0.005861816287251441,0.00015943034845491624,0.010259433477510854,0.00420150113412322,0.0033428689097213756,0.0022350677481525814,0.00219590216381888,0.012190835928084252,0.0021871093420622084,0.013428115806011429,0.014365545060683146,0.013738918207618689,0.0052903942350504595,0.008122344331059341,0.005643688191328252,0.0035861151334444954,0.2724957429799993,0.2733652680596485,0.2431480596286617,0.020148999940124635,0.17362792165286506,0.07004810486197544,0.051853113859596726,0.0658423177006791,0.06727437708783005,0.09141858443111674,0.0008770753001735512,0.004447953402535285,0.06394884552266564,0.065378345860193,0.06710169371164838,0.007398414711450335,0.00741710514342315,0.011048614973043132,0.006712691430290158,0.010849051468455707,0.010187936041208477,0.009569962014219526,0.005489704961103409,0.0001484138653155134,0.009629681036313375,0.003492909879405916,0.0021685440936086015,0.0017941881115091148,0.002043696889450821,0.010951633119219773,0.0022645794031388336,0.01208145972883116,0.012429145261007473,0.012385390728125082,0.004912848144875659,0.007605959092713624,0.004672415388818953,0.015238508039289781,0.019511360911040755,0.020548895388009743,0.02135513749567616,0.019532979910678327,0.0030036428069876273,0.018104683321313115,0.004090029660218475,0.003693970631054781,0.002911602357464699,0.0038591957938936623,0.00549969910532782,0.018104683321313184,0.017367562340074742,0.018332444921402923,0.01716059602972925,0.021646363588287285,0.01632445267478963
LYSSurfFrac,0.0009157913245149712,0.04252682027663809,0.002217821298178498,0.04007664513588392,0.040325213366263116,2.5128989625570673e-05,4.937149028725675e-08,0.16810496086348534,0.0020788362323872185,0.0012603759818842917,0.014904204465397692,0.10981752277529234,1.3681679934373473e-05,0.009047928894890611,0.06459857312409042,0.0001469540578827809,0.03924569748369121,1.0,0.0017146723236640391,0.00031108629410506156,0.0493109748756544,0.021591792919980975,0.00037600309726622624,0.01575757592243284,0.0012393760224663263,0.0020282171738451654,1.911017224349327e-05,0.011782460570006445,0.0028336508890446223,0.08994341576210511,0.021329636942085384,0.05380950677560949,0.05184386971566483,0.05125090497768081,0.014520799957310449,0.01421328333066812,0.022478651554359613,0.08194322721397623,0.07251838694991264,0.0743756390780668,0.020773672188358593,0.09224120910505217,0.0026776559308235516,0.039556685840910384,0.037926610158600244,0.038979443983987366,0.010983206514893972,0.007265210828945813,0.0003380474056378896,0.0339707888118235,0.0815876122902868,0.08697232913706694,0.11473287705646884,0.006050132505095734,0.005912205515980702,0.0061288548917859025,1.0217152962593078e-06,2.7224803404491262e-05,0.0001879981432463383,0.004599674702377624,0.00042150875810903607,0.0004752925510638252,0.2343550312842786,0.2374607363537166,0.23294483546903202,0.0037708568495325974,0.14246327818339377,0.08767052204904838,0.021281593078846767,0.05272428532271874,0.05071265329209915,0.050165975804251896,0.015077566942114597,0.014007889886820519,0.02197490515378368,0.07872393629080121,0.07458534600889069,0.07157169626010591,0.020678553081883082,0.08882762175770266,0.0029412728910324106,0.03847063392956166,0.038214296207640525,0.03788965823623648,0.011145215289513347,0.007660754343052963,0.08648620340654545,0.02614729226855275,0.0755064476959365,0.07558819593679186,0.07426963015534661,0.07545393855031557,0.013132059803813182,0.07887709064594402,0.09708098898855891,0.10627977305268975,0.0983080945145516,0.0706518926361385,0.06744999963069032,0.07887709064594411,0.041421921803534587,0.041016483973546784,0.04185040996198072,0.060216354301023775,0.011624976296141289
METSurfFrac,0.11296965024174976,1.0300641225285173e-05,0.00840986066586446,0.03884502913643473,0.03433174768030576,0.06935587063584522,0.0009559982039978492,0.004919064712428996,0.009202525628305338,0.014836261418238164,0.004152963552327704,0.005515144158507447,0.002053280893794331,0.0030901058895020372,0.0011646962609716748,0.01493163218197018,0.006335443751094526,0.0017146723236640391,1.0,0.0047207512869702475,0.015485520619944487,7.52063915657877e-05,0.0024367750483285902,0.00789524857158004,0.0014612801898149406,0.002921322620276706,0.06825408443208379,0.021213856119669333,0.03559617663534684,0.007017107358619038,0.01979847491701374,0.021115133326084314,0.021890560708242236,0.022154736340130057,0.039812409510428755,1.095124518572505e-05,1.5195034399489028e-05,0.007544085222190617,0.007532257871257199,0.006969144127982601,3.2994595457285255e-05,0.007639073771632103,0.06785862504103042,0.02133475609997087,0.021881284504171962,0.022625591081632323,0.04290653540903656,0.004038805226165252,0.00011581202176324761,0.04096376208651555,0.18686684999520317,0.16931996150449224,0.15439891520586171,0.10914121306386032,0.12335326042276613,0.0030254435377426625,0.08807245839930057,0.1162252889524011,0.12871592712219168,1.2571723622018216e-06,0.0030002912648782955,0.08668235682671728,0.06020737525996255,0.060392810683193625,0.06076518719591641,0.0916078433076564,0.014405204181840842,0.00460699688526168,0.016525685176815654,0.01739597776639379,0.01822665681173897,0.018505707183572376,0.036418004052352904,4.2802481587166345e-06,3.174872429484272e-05,0.00571654319466648,0.0057980809828228255,0.005326599031800077,0.0001678993488042453,0.005694763425841546,0.0661689230502344,0.017494605292349433,0.018356900384078972,0.018886989685849394,0.04016942653183568,0.003120816747609162,0.010696642471941112,0.02153401666387324,0.026190602237823307,0.027929075794404536,0.029666463641499847,0.026228861801486564,0.0002822299762626782,0.02055956832599726,0.005358709631320705,0.003984256183719467,0.004406189263713746,0.006188853508357754,0.007921175837372358,0.020559568325997275,0.02313284371381788,0.022247629455232447,0.02217840375048637,0.0283763515031689,0.007838085543250467
PHESurfFrac,0.0038731216948458417,0.004097054316832788,0.0008399666761888518,0.008058128604063021,0.007623672316761235,0.0011027605929844083,0.004901112860313072,0.012572858759723502,0.001844536693091374,0.010470761319152888,0.0015411439052650687,0.0070707275834602555,0.033902203980722904,0.0007362406404990202,0.0031321213195626505,0.010967534313797999,0.0003779115783088812,0.00031108629410506156,0.0047207512869702475,1.0,0.0057936198094940845,0.0058644188514373734,0.002602522707864032,0.0004480791413907006,1.6835783196362751e-06,0.012654481442670742,0.0010539934809637088,0.01345851665702707,9.198838155821155e-05,0.010510737837906807,0.0008425827730086471,0.0072166139707062526,0.007375966484093674,0.007156116414452498,0.005177117876133679,0.003291524637485632,0.009574320656104134,0.01098733416052667,0.009680527947759076,0.009703220490368591,0.011364278803731687,0.01149144267259666,0.004727260711498586,0.0039001384707286098,0.004115424342097122,0.0038671963498649597,0.0035702999325946893,0.0004667943500214195,0.06578103980051139,0.0005608309893527757,0.22814717224678582,0.18077081476611617,0.15263177502927217,0.023517263247587666,0.3416644726049352,0.04648147613084735,0.4386161827920558,0.4305882893378094,0.4189344617746964,0.10589140253173772,0.29692519997937683,0.007051679233475287,0.01909571929895511,0.019814306488075313,0.020427970519962455,0.008668874242274574,0.0005014637525212474,0.009528305008614117,0.0008359377894264525,0.006671967044738894,0.006821667969637967,0.006644632569454362,0.004960714526678356,0.002996647510147465,0.008401818114636214,0.010212820129013919,0.00967081006846717,0.008875402826571498,0.010104026830551956,0.010599223658079554,0.004670937343566115,0.0035091629764725254,0.0036386442115524643,0.0035154621408135978,0.003338804976360275,0.0005069652263851653,0.01010284730812647,0.002036784233822516,0.006268361672770693,0.006365409833979049,0.006452048709470476,0.006263653623557235,0.0011506506025320956,0.008427507464673932,0.005551374393102006,0.0035179554806943417,0.004414935368520643,0.010211998657402152,0.007807134852578513,0.008427507464673934,0.002499965935350573,0.0026030915012924937,0.0023193086592393766,0.004000179238227256,0.0018346233934359725
PROSurfFrac,0.002931299471464807,0.0006965467729109715,0.005249669949481381,7.248773192572197e-07,3.3474791730099373e-05,0.0007672319923326733,0.00024158569435070234,0.0005261045672171344,0.0030551591846793525,0.0004002393668865663,0.0011404606354004784,0.00014807342894595068,0.02465020230655626,4.796306657985958e-08,0.0021354168441356557,0.023788727974301805,0.0008135664779083167,0.0493109748756544,0.015485520619944487,0.0057936198094940845,1.0,2.14219340143204e-05,0.0003838044262357676,0.025315901398760294,0.00888614496528626,0.011063721595711215,0.000764963791932105,0.03153981616803593,2.68947687464586e-05,0.0011401660662508954,8.487705556618525e-05,0.00028613643588402195,0.000271762984484806,0.00021242876096782992,2.9554045215055003e-06,0.012148418970230787,1.925120709003493e-05,0.006498126601690153,0.007537180754273433,0.007661555235525073,0.000312561099015964,0.0032710010655303393,0.0006620505915397712,0.0002980422006794942,0.00043983536542444983,0.0003397952690173473,4.2669408972832014e-07,0.002049345793010191,4.059843347638608e-05,0.00026264266432322425,0.0013587802245227608,0.0005550532189666258,8.729903746471153e-05,0.00018458648868784744,0.022568258599605345,0.00016068283532758373,0.006594907909629607,0.007827266742805887,0.007620402694303945,2.4426734849812448e-06,0.00012709792703265475,0.000882618458042672,0.0158614787323817,0.01896883236276045,0.017843198906774854,0.00016083042071586868,0.006954715143263289,0.00068735796001158,0.0002845985730073254,9.72426544927086e-05,9.45379094951831e-05,6.630553589542956e-05,2.3375496509591974e-06,0.012488026887689746,0.0001424539216134629,0.005276782979609697,0.006101167729617609,0.006441841406360855,0.00012922988021085827,0.0023628225762165034,0.0005131765853730225,0.0006290956184523377,0.0006476881253865808,0.0007035205712712185,1.1138457106669884e-05,0.002668339577418344,0.006458057961279782,0.0009347666090064674,0.001177014730084605,0.001380211237836224,0.0016859602723666267,0.001187692667893996,0.008509325372262226,0.004225753076321186,0.007302082209336993,0.00840454750621312,0.008419985942749656,0.0077405428407952195,0.003761362013499488,0.004225753076321206,7.716363789067083e-07,9.085848199693611e-06,4.7361479169870237e-07,0.00020007648823267145,0.0012069557114781943
SERSurfFrac,3.4094773004716385e-06,0.002657376539361794,3.382449128894524e-05,0.0025297186014334064,0.002574731070113855,0.0006049847249382142,0.00017120858124712097,0.0017907691575657855,0.00022868434172538347,0.013611540750798089,1.7198870773695042e-07,0.021396611398859282,0.05296508551241578,0.006818236971033109,0.00036339103091530316,0.0008996204151540823,0.02480544125210713,0.021591792919980975,7.52063915657877e-05,0.0058644188514373734,2.14219340143204e-05,1.0,0.0004468627742245356,0.003555871002636796,0.002499983675719546,9.626454407999705e-05,0.0006349500613567004,0.006147787083653482,0.0014752616484870918,0.0020714455138689447,0.0028875312689269463,0.004338303405532996,0.004522606380817612,0.004684606383443306,0.0006181598253398666,0.00249352315426481,0.001787576007384104,0.0006253666227331457,0.0005870293900948663,0.00036190663609811754,7.294104551743527e-06,0.0006832677077966022,8.096617051195973e-05,0.005242214062933023,0.0056091845108399135,0.005144470729508343,0.0006421702995300295,0.0024001648659196504,0.0003895052458092211,9.222905676854451e-06,0.002535130969175072,0.002779238428040586,0.003594497628727919,6.65215052924134e-05,1.3808712641096058e-07,0.001732726124261776,1.0085508866908954e-05,3.125357997488485e-06,1.4856785156189921e-05,0.0008826806591075692,0.0009272197878475301,0.0004267903177135341,0.0068431287266221205,0.008895918163073368,0.009116904973312585,0.00013947424060229175,0.0016814486941181751,0.001930906877373193,0.00260593862616039,0.004277421362082243,0.004481420086718039,0.004672678272805854,0.0006630744439377268,0.0024055174927037825,0.0016272402220489368,0.0004914453860525099,0.00043968717324372174,0.00023549532839906785,2.9374632153309164e-08,0.0005884834865843319,7.868436337043818e-05,0.005347916057723655,0.005471835586180052,0.005277884334413822,0.0007183230222674552,0.002264766809927227,0.0031608086164279844,0.009861577959443594,0.006938936002756355,0.0066018368238026015,0.006315465196125972,0.006953364145262189,0.0038439328927755184,0.0035998560887440735,0.0035111780715151365,0.0036143232528103877,0.0030159308854240453,0.0025097642768453754,0.002759885019967947,0.00359985608874406,0.008416142067592253,0.00799843789502205,0.009040023522990537,0.00702430636725278,0.008675437476884082
THRSurfFrac,0.0005708751007275774,0.00032477503219304475,0.006473961227475031,0.00019154307178011383,0.00014256665417220125,0.0008601753197305407,0.0069476050016113655,0.026108936858442993,0.0068889345008849604,0.009323958080873499,0.000533878051854982,7.534331674822101e-05,0.015644251544844518,0.006969885976099595,0.003899140619511047,0.012088366896245796,0.00458351141750999,0.00037600309726622624,0.0024367750483285902,0.002602522707864032,0.0003838044262357676,0.0004468627742245356,1.0,0.0007358303773187741,0.00779120228843106,0.0008915799200658623,0.0008515381005758297,0.00045813386532360324,0.005964452377173025,0.0016611735286398669,0.0010418964510362887,6.233491070742014e-07,6.036248618668766e-08,2.661951195518369e-06,0.00038855100444365817,0.01638817817292997,0.0003269458895893349,0.0036409277162698602,0.004611958313057259,0.003998699469802074,0.0013287310644727844,0.0028695387593073583,0.000492326739159546,0.0006314816117471687,0.00045222448596845085,0.00042339436782199216,0.0006450478736944506,0.006143291983424419,0.00014331560607736598,0.0014370494873992832,0.00035731420075601773,0.00031317004000441177,9.11609659337004e-05,0.000632881609133009,0.007463250651501672,0.0022193383399060434,1.6197703667120063e-05,6.420953344914439e-07,4.1769872085933705e-06,0.0027530761148894284,0.0004750059717139601,0.0005835970544911222,0.008010961788742072,0.0106797069604069,0.010985000660948737,0.0009433435038770295,0.0022389616043843813,0.001816473549261857,0.0010166816852541286,8.397347025325391e-07,3.955793286896477e-06,1.3188139973069664e-05,0.00032259027407667074,0.016560091475459317,0.0004164270841958309,0.0036579183664487702,0.0037798536377493543,0.003882709604704815,0.0015219262748272402,0.0031284248282949,0.00043843803050493097,0.000621001538925944,0.0004918798447721978,0.0004183800339646466,0.0006087707469103863,0.005983264239748803,0.002270554338616049,0.0025209272062277676,3.2536132936358924e-05,3.222952098330386e-05,1.6001746302698112e-05,3.3059011009606966e-05,0.011741877852790218,0.00024617869097631794,0.0021302634228554176,0.0015299554472078495,0.0017688066894595864,0.0013027845210942582,0.003583460552240715,0.00024617869097631805,0.0013125475920958125,0.0015255856456637758,0.0011471992507108835,0.00031776671055008576,0.0032231137056209203
TRPSurfFrac,0.0009321586311831834,0.005462985204385245,0.0005428191557587926,4.421513617968549e-05,0.00010850796767938455,0.0004216545739391142,0.0026169879260560997,0.0005907265134686611,0.00010796679474513834,0.0006488873431460889,8.89505542209525e-05,0.011956868040591716,0.018827924321250758,0.003945685856566315,0.001238957669989706,0.0034450812896828623,0.00019402740612267758,0.01575757592243284,0.00789524857158004,0.0004480791413907006,0.025315901398760294,0.003555871002636796,0.0007358303773187741,1.0,3.884705130521972e-05,0.001975182906724526,0.00040984793495083607,1.6621067506559024e-05,0.0006688102132686065,0.001188983648303695,5.709144971975994e-05,0.00015032456354117514,0.00013346584742975664,0.00012618143397584696,9.64619109985413e-06,0.0002986303037535492,0.004518756013120668,0.0020640320588620185,0.0019361022425520935,0.0016697176711689022,0.002519529719437683,0.002811092853871221,2.6191757131968497e-05,3.687369903694413e-05,8.926277170266066e-05,1.9456752365849768e-05,1.361860233423074e-05,0.000626981232644662,0.0032149996252748437,0.0015906925447760733,0.028450075868977832,0.02868500510291322,0.023866137258217807,0.001527157437733687,0.020104958621155918,0.017735089192760872,0.008650399527965908,0.010290085882123177,0.01130749715516852,0.025362108409193746,0.0005895847418039931,2.1615886329170362e-05,0.003040264071669537,0.003088874845504663,0.003164056459102658,0.0001585666221543954,0.0010445305557750075,0.001482330463610391,6.2268725143600395e-06,0.0002774490892517741,0.0002460855405993757,0.00023149579460676436,3.024852397023512e-05,0.00029681859589593504,0.004846017911860002,0.0021448234504473913,0.0018200678877566036,0.0016605076495837146,0.0026203089923306053,0.002933505679345081,5.5027180368803335e-05,7.816734869830016e-06,3.620328747363493e-06,3.586762484253654e-06,4.626153882415953e-06,0.0007739349159353832,0.0012917022329398565,6.48087755603828e-05,8.78174657147909e-06,0.0001037775892897117,0.00034514780980124306,8.984644003457008e-06,0.00015919649835384,0.0008319816501644885,0.0023932971877071163,0.001601718214250497,0.001175203979562114,0.0016757049687350107,0.0028035953148885114,0.0008319816501644929,0.0003668269477791312,0.00028730024902131907,0.0003136455638708084,0.00025692140854686747,0.0010641677663968548
TYRSurfFrac,0.0007121694328036186,0.0025794193448662505,0.0023241480297293217,0.0006753827740312185,0.0005352948439545324,4.055293256042983e-06,0.03454457859212094,0.004698017964719406,0.0026920248608446303,0.002122084537545336,7.384995929674442e-06,0.016499983749146435,0.00535119312977655,0.0023202588821108626,0.0046648226488733395,0.004639598549871551,0.0045887781660129915,0.0012393760224663263,0.0014612801898149406,1.6835783196362751e-06,0.00888614496528626,0.002499983675719546,0.00779120228843106,3.884705130521972e-05,1.0,0.012888383849573698,5.119258726459122e-06,0.009423086151887345,3.265575288367527e-05,0.004637875753120819,0.00039477806391470565,0.0023226108857565186,0.0023796098281805593,0.002334727722682026,6.462092347940079e-05,0.004855956850745435,0.005414005352251839,0.007322012533978032,0.0073921113229196075,0.00662046780042026,0.003804368408645081,0.006775328727913429,0.0006384288521451497,0.00024756463206940276,0.00028672717133608255,0.0002676345436235255,2.8270755072320967e-08,1.9853889336192594e-05,0.00013020589359029138,0.0008165199375356458,0.001268872330771704,0.003822535340326077,0.004604362622179764,0.0004430886278894804,0.00015988891857783978,0.0002628498617189935,0.0027033215763843524,0.002535706467206376,0.002326191909717471,8.79063413674471e-05,9.517405015931483e-05,3.727475825864346e-05,0.01679818327241561,0.014517853193656017,0.012650650491858095,0.00032140320909662196,0.028077511422964756,0.0040753788702083136,0.00018557670781973334,0.0019146287585851446,0.00198580390171343,0.001966446476080269,5.069118032683857e-05,0.005071781311261445,0.004954354620834847,0.006935426611463855,0.0067863206505855336,0.00646055567966054,0.003764228799886443,0.0059372773554824485,0.0006510568960103784,7.31641510545449e-05,9.354535620862567e-05,9.970354879713166e-05,4.117244968489577e-06,3.9594754687199e-05,0.011832163270795747,0.0004391401887102176,0.0034034308934766974,0.003223923192903841,0.003193528975224139,0.0034143485026862245,0.007440773303733413,0.010704303608164207,0.01586784840071094,0.01569899786541678,0.015819022287302146,0.011484698457341356,0.01289979366062455,0.010704303608164167,0.0002481433571264092,0.00010933465575726112,7.916906804825082e-05,0.0013526935684990014,5.520349929180265e-05
VALSurfFrac,0.012554246330679038,0.002201976582216926,0.0005984823851933617,0.008651859457281615,0.006993595527195797,0.0002698595461054865,0.00011891175475064317,0.015009076129699225,0.00627903164007857,0.023830099403247883,9.015489870201983e-05,0.01021888952489525,0.004743324351362513,0.001046970911540651,0.02857916183366854,0.021760253118283418,0.004554610185258071,0.0020282171738451654,0.002921322620276706,0.012654481442670742,0.011063721595711215,9.626454407999705e-05,0.0008915799200658623,0.001975182906724526,0.012888383849573698,1.0,0.00018455739995202797,0.0328302613038074,0.0008152267554092531,0.01568142307271391,0.010541421859600627,0.013969221013115733,0.013324824373297309,0.012847221619156553,0.002909657786029706,0.0006143916244874903,0.008049619443162534,0.011259966659373403,0.010663503675606917,0.009286192669818926,0.004167727110677081,0.015059062666484685,0.0022102076094664305,0.010493738198949195,0.009832154725286958,0.009981358871705795,0.0022002872220519623,0.003629054217586207,0.005051612578986441,0.0007568495398115351,0.1449463032835369,0.15598253515935379,0.14754131808616855,0.011674431819582741,0.05141721714172399,0.03520648624530175,0.0002614211286271416,4.7328102830479915e-05,6.490290184800797e-07,0.03695815294872013,0.0008025279812214373,0.0031240934614790226,0.04651886786440948,0.04432832197668136,0.04704049485392122,0.005041213582850935,0.012825397442025235,0.012857821551183118,0.008282987556157879,0.011250971015048235,0.010675348073193529,0.010241710131177069,0.002263719128869085,0.0007620805751687307,0.006203086939211728,0.00951274905250013,0.009024671096932268,0.00832011357806175,0.0030827814417150505,0.012448350142357746,0.001986075484824084,0.008142010545316906,0.007885412297662571,0.007713547190180997,0.0016757953291338884,0.0027319499075752784,0.009668235877639882,0.014585931731004736,0.019766856107674664,0.019448834442729476,0.01934226871213947,0.019785954245417674,0.0009520771270664196,0.015015533843088659,0.008751588235505876,0.008108710501122947,0.009310485074216368,0.008315615615399572,0.007682655627876422,0.015015533843088655,0.019501219983553773,0.018674110840306304,0.017968629426238183,0.019416495353465135,0.011509526403678642
NSurfPoints,0.8318920337552945,2.596332650026276e-05,0.42904721150067027,0.2973024596054283,0.2753773588320107,0.9997593283229784,1.3564772275539372e-05,0.01450455107745412,0.001348119372977764,0.00026217352684599054,0.01939354632972736,0.02024934500924152,0.0009230502797170606,0.004506230866092188,0.01670831794754114,0.004744745907518665,7.736965274942981e-05,1.911017224349327e-05,0.06825408443208379,0.0010539934809637088,0.000764963791932105,0.0006349500613567004,0.0008515381005758297,0.00040984793495083607,5.119258726459122e-06,0.00018455739995202797,1.0,0.06101406143749804,0.149480433320666,0.003186155303093455,0.15377789494492197,0.09272214611188179,0.09556120694604406,0.09622782280522592,0.5610200285509531,0.09910554638963548,0.027279996841177764,0.0021579563677044215,0.0026317760440417166,0.0024451353743469434,0.014031446149496085,0.0011242820010118901,0.8641771633084396,0.12721822241739475,0.126161803127786,0.12638634020879383,0.6255188549266152,0.12438306973793521,0.12562843701986864,0.1085002234542273,0.05639970679538893,0.05630843608728375,0.06847922104418602,0.9155070133559137,0.00019035138569435472,0.702530950606389,0.0013275961366674908,0.00474109375391725,0.00573916625139183,0.5358729911077951,0.004874156382215109,0.986498377445788,0.10654085136461358,0.10741320166708862,0.10721474567484121,0.9679681844960865,0.0483510038278114,0.00152857866581815,0.1466865486319355,0.08290695562726431,0.08561591081479819,0.0861792504544312,0.5339102496358678,0.095669274010581,0.03263921496735615,0.0013173176789853264,0.0012989625555354372,0.0014559480478933081,0.01756080091241034,0.0006388260067395047,0.8493319537673731,0.1170852988145655,0.1164656917937652,0.11624578945838238,0.6086324940978564,0.11651022605731785,0.0014050489897226405,0.13377793788645428,0.056501759600508614,0.055059173457926616,0.054779255903076904,0.056480649392833676,0.11644141410721594,0.006854409760025232,3.2049859067550966e-06,0.00033307552137935316,3.8189573000185693e-07,0.0011052090922500752,0.00016732824777339293,0.006854409760025237,0.09019324403557956,0.08248901567795765,0.07962746893809884,0.0741106795362798,0.12685579925623205
Shape max,0.008888279025371667,0.012627690372340806,0.10318252967395931,3.0814455335238297e-07,1.1817131302111459e-06,0.05921098971735065,0.0002839513066673541,3.3971183937404245e-05,0.001067458583639557,0.02724746147443206,0.0012134333617765446,0.006160172810107783,0.014260893880204099,0.03591437577390404,0.019205936135446293,0.008011358174896384,0.0329540003207852,0.011782460570006445,0.021213856119669333,0.01345851665702707,0.03153981616803593,0.006147787083653482,0.00045813386532360324,1.6621067506559024e-05,0.009423086151887345,0.0328302613038074,0.06101406143749804,1.0,0.04908655865050892,0.06412220105125316,0.003917292348657766,0.006286560493927427,0.005858404144875311,0.0055338082579005085,0.007027240018264967,0.12091602966105074,0.05076156876607087,0.07073241586974764,0.06501545488304192,0.06243240199396479,0.0369704184255772,0.08093335581233456,0.02578579525838546,6.423984138836122e-05,0.00015554557548592044,0.00021820893454163357,0.012799152344166417,0.025246216147093326,0.031128012532073722,0.015492707481473494,0.03717642183496584,0.03031840363484705,0.01846773237789288,0.032269097672115415,0.10019948013592682,0.1135208799670277,0.05114329876047741,0.05689432983296853,0.0597276745229479,0.11261806178676922,0.00558881224457736,0.04737771670561463,0.0031367064888206952,0.002907936042222807,0.0025711389701731386,0.045631133077309635,0.010712637323436993,0.05956392177270577,0.004741566629717958,0.0055194183335167,0.005178395543468265,0.004917904948305003,0.006935953316263419,0.11759318222678669,0.047578262087938084,0.06646161541071392,0.061963427022396114,0.05999037468189883,0.03537793944652053,0.0745806039041214,0.025292367247832504,2.6039394282130845e-09,3.0866054465142275e-05,4.944221767301906e-05,0.01334343333203819,0.0245404661426381,0.06596680313582226,1.5643670519145597e-05,0.035650804244627146,0.03990940525500566,0.04013709710307248,0.03565833596542772,0.10686892200658625,0.10187914699348595,0.07641549750508912,0.07789773436110897,0.07497060583591812,0.069654224402584,0.06247516159040984,0.10187914699348598,0.0037669030692803838,0.004632136552587534,0.004216295431033808,0.02072423796072303,0.007193139595197376
Shape min,0.1258709620509991,0.0005570690882238397,0.06359880073446637,0.03240765018879978,0.029425207809807064,0.1486774734423652,0.0009797845328522073,0.02167902880249478,0.009119255689115176,0.006467562523489854,0.002548315767641383,0.01004131119403598,5.8351497717549525e-05,2.2148878446421684e-06,0.0033943532946164885,0.004287751287535338,0.0029558313053965665,0.0028336508890446223,0.03559617663534684,9.198838155821155e-05,2.68947687464586e-05,0.0014752616484870918,0.005964452377173025,0.0006688102132686065,3.265575288367527e-05,0.0008152267554092531,0.149480433320666,0.04908655865050892,1.0,0.000668518770552132,0.022237414542300427,0.007743991152173247,0.008343079726892064,0.008863380893294717,0.051223003851291166,0.02686159226411017,0.010405719982437193,0.00032459080583848755,0.0005306288307820212,0.0006619222186355368,0.003094802405294288,0.00013960635054162783,0.11904190810795658,0.010100867079115661,0.010151517040425256,0.010730859204851674,0.058423264785571985,0.026673609862279492,0.05764977090986984,0.04168206740260665,0.00668824622450805,0.007590927680780007,0.0109018481219748,0.13146813791496614,0.0004051422054815256,0.10916603407640162,0.002130209365606361,0.0004384690148089319,0.00013414335132842738,0.0896732406569,0.015898579828405257,0.14642613809550342,0.014100365731908166,0.013679272455884503,0.014015545985209564,0.14141048370325388,0.006665224795939828,0.0010434832200179383,0.02109180400676406,0.006519612176118989,0.007084039219757408,0.0075632343116209776,0.04804722333822082,0.02573265304124204,0.011807090974649501,0.00015927061266687173,0.0002778207298196171,0.0003593140035508435,0.003765420248298707,0.000261735354143553,0.11615976536615874,0.008733911777601824,0.008902517965634514,0.00933349616431117,0.05633762788470518,0.024145772315767318,0.0011423540547607562,0.015243456090679336,0.0032408643407788895,0.0032152368015428887,0.0035705459720470818,0.0032416455793716956,0.026879497060151997,0.00018663431606341728,0.0010787659964537546,0.0014772187808956198,0.0007897044407608548,0.0003583872054795991,0.0015835869371387346,0.00018663431606341391,0.006434457366843685,0.005175101026823667,0.006113654984412243,0.00382843310319095,0.018648725134321125
SurfEpMaxFormal,0.025732473258512294,0.5673552778399192,0.033860686761468896,0.5652083542211734,0.5769103565019881,0.003478676924754962,0.0034162158069713424,0.06866401331449806,0.0005317414819435711,0.17523855530786034,0.0017653606262574752,0.003464022731624058,0.1427894945216587,0.006894605609274507,0.010382013484015089,0.017169829871788826,0.012590623480347144,0.08994341576210511,0.007017107358619038,0.010510737837906807,0.0011401660662508954,0.0020714455138689447,0.0016611735286398669,0.001188983648303695,0.004637875753120819,0.01568142307271391,0.003186155303093455,0.06412220105125316,0.000668518770552132,1.0,0.4218532292915091,0.7464632484186504,0.7271355894158194,0.7163179215861369,0.28969628163269595,0.06933526789611345,0.496689501814112,0.788714089469142,0.7288685244722766,0.7032332899680479,0.38190717733850965,0.907661503417956,0.102263392765076,0.5742786925005572,0.5727613627972308,0.5692566095674442,0.22245204417150355,0.174918264782383,0.0011980035889120498,0.0012117082131615621,0.04485607674630877,0.044150780120767126,0.04037252840254442,0.013527394925582328,0.03840680203143278,0.0054821974184590195,0.03719842980600033,0.04300272469275719,0.04386139690215165,0.015624936962107785,0.004673500715477126,0.006710468072727002,0.006097527735966312,0.00824346114931478,0.010141004924998281,0.007811176546582376,0.001845859280894442,0.9969469998544195,0.4207825792883722,0.748726740743338,0.7296447264782518,0.7189902011095272,0.30199265293960226,0.07425677690229922,0.5026700889839713,0.7911436127871045,0.7329386898988501,0.7072110254496492,0.3901402583217891,0.9106763291913366,0.11310030280035976,0.5644293378782871,0.5642384687631438,0.5604481855021118,0.2259924049898276,0.18581046134547005,0.8146254859297669,0.46153022343678546,0.7645806073304061,0.7462723995321983,0.7252826942336204,0.764505378070907,0.00798480558002851,0.6660533668162336,0.7138207956910332,0.6812667723143522,0.6481711199743688,0.5438481018823231,0.7224177691803175,0.6660533668162326,0.5540391696767218,0.5460880950907823,0.5362793879881874,0.6628982202641162,0.2747618614833612
SurfEpMinFormal,0.18643397554392874,0.36772493279525365,0.1051452783357481,0.7307931597793554,0.7314093679504831,0.15514106029437794,0.0018751175357903695,0.027218771266924454,0.0009260355006234218,0.12893533048427885,0.002100515474122011,0.001349981900023516,0.14199266632978197,0.0007949773770401793,0.0010868434889815665,0.016942153760061564,0.007610029424049879,0.021329636942085384,0.01979847491701374,0.0008425827730086471,8.487705556618525e-05,0.0028875312689269463,0.0010418964510362887,5.709144971975994e-05,0.00039477806391470565,0.010541421859600627,0.15377789494492197,0.003917292348657766,0.022237414542300427,0.4218532292915091,1.0,0.7857669051635446,0.7770246067238274,0.7744998992573116,0.5298493067924391,0.20397768583235398,0.21086692847363817,0.2735729061368379,0.24723055440520714,0.23919064153622077,0.14633685448026698,0.3073787880514176,0.3145971577398842,0.8100696740697774,0.7922772168916841,0.787538460595865,0.4902510116207773,0.7282014872350279,0.016727813351661184,0.03846784950260228,0.0670216624043616,0.06927624622875123,0.07646405326636042,0.18042836776062823,0.005010495416079206,0.06195770570871205,0.009176709306558558,0.014152341668444774,0.015419810971076087,0.03552731919107518,0.0001664577335391131,0.1652292135546842,0.07348636874171685,0.07558369193487327,0.07861699349569404,0.17377249654366222,0.04020902390292778,0.4135175717980252,0.9964031245222469,0.7790499022175675,0.7705176601658058,0.7677842549714489,0.5368938624939903,0.19349614818278496,0.21292348728544594,0.2729313290899767,0.24665063419498934,0.23797754910169586,0.14736492823597322,0.30426174059383415,0.3272467602401115,0.8032873975172032,0.7861176297704356,0.7809557037158185,0.4940394892183148,0.7300016778712723,0.3391728302492296,0.7962015142916645,0.706744437868131,0.6922192956495806,0.6845602874170355,0.7066838431927193,0.26366614017264156,0.36209422240677575,0.2363219163344231,0.22172670156222635,0.21444809259859693,0.23341260856831936,0.25221342945805736,0.36209422240677613,0.7660855207089117,0.7395225738960469,0.7232913953538271,0.7252259640596008,0.7188463311031208
SurfEpMeanFormal,0.13963857267770677,0.5738440678704757,0.021450481378095916,0.8737042642767403,0.8816994607803893,0.09412643878011191,1.7108121043043873e-06,0.06397898365298307,0.00043889226670940323,0.2050079027039763,1.1386651996995409e-05,0.0020281003639943678,0.20911332218564957,5.0329932056367734e-05,0.003658435657804096,0.02193318091397504,0.012225289959519364,0.05380950677560949,0.021115133326084314,0.0072166139707062526,0.00028613643588402195,0.004338303405532996,6.233491070742014e-07,0.00015032456354117514,0.0023226108857565186,0.013969221013115733,0.09272214611188179,0.006286560493927427,0.007743991152173247,0.7464632484186504,0.7857669051635446,1.0,0.9976541600893682,0.9940440128079568,0.5690781420793284,0.024516664725375833,0.3958661645579144,0.5516932788248132,0.5096031972957589,0.4940571899393707,0.29690926763841036,0.6014156566691644,0.2889692274656578,0.9194472842383822,0.9211701827331602,0.9159044738288841,0.4973402999969443,0.5191809435099348,0.0052275193284509825,0.018823907282435253,0.07965673880307006,0.08210925502280193,0.08574059889312677,0.126320141239236,0.020143120474405276,0.020692330188015206,0.02623377757517901,0.03459169222082798,0.03632234737190641,0.005805979472148937,0.0005396871488175087,0.10638617339543159,0.05458836100038808,0.060450519328936664,0.06424903012844416,0.1135071422485037,0.022697910423041746,0.7380505409847804,0.7848966728234128,0.9971076857927963,0.9949853622425171,0.9914709205667386,0.5825918777552035,0.020997166117887257,0.3993251564829784,0.553651993254828,0.5126878355412195,0.49559172890222203,0.3002011418134244,0.5998425318221097,0.30508667983460036,0.9101259647348996,0.9096599240232975,0.907189324461822,0.5032842547583517,0.5277829642023067,0.6345709483297534,0.7971454363715521,0.922713531305569,0.9099898581642522,0.8985129001085079,0.9227466727630583,0.0827304697209109,0.5971390393606039,0.4929083377551851,0.4677137079114845,0.44762484843052713,0.44716030572607546,0.5098348722598922,0.5971390393606039,0.8488939660925805,0.833306421737349,0.8154970728800448,0.8790735773782489,0.616041185020306
SurfEpTrimeanFormal,0.14349402419478932,0.5683152741295233,0.023618039070387977,0.8729058800373904,0.8805350679314324,0.09699662344313706,6.6594080536391935e-06,0.06334208701341514,0.0005189970054364084,0.20453997830869236,1.790264883810703e-05,0.0017835315636993026,0.20808931342858838,4.768922420186213e-05,0.003510219291676958,0.02211600492714612,0.011550767234261447,0.05184386971566483,0.021890560708242236,0.007375966484093674,0.000271762984484806,0.004522606380817612,6.036248618668766e-08,0.00013346584742975664,0.0023796098281805593,0.013324824373297309,0.09556120694604406,0.005858404144875311,0.008343079726892064,0.7271355894158194,0.7770246067238274,0.9976541600893682,1.0,0.9987595500862524,0.5712374406813039,0.026389058616667307,0.39022774608815697,0.5345564121452622,0.4935856744416562,0.4785242147287834,0.2920434454119457,0.580441201943156,0.29211222405230236,0.9193183786613104,0.9242770883029643,0.9208254619415029,0.500299864197736,0.5113193276301848,0.005400755052071987,0.019214589718325206,0.07990602418570915,0.08240497686598322,0.08651158892884028,0.12957041648924972,0.019460912147270228,0.021930737605452024,0.026087801988622646,0.034650602394471756,0.03643663389567388,0.00647049169077697,0.00047078413567947267,0.10935367345237298,0.05636948999657683,0.0624905866259633,0.06626879877973814,0.1167532956986793,0.023527703460288374,0.7187731336139221,0.7755471279227175,0.9944721342518823,0.9970758017367239,0.9959504900026441,0.5845299368674651,0.022616089827612276,0.3937178196662373,0.536572920106066,0.49664349698098287,0.4800086985760893,0.2952427267969633,0.5785193827863414,0.3082419098237897,0.9096396878858576,0.9124024965309468,0.9117891447932012,0.5061509126239072,0.5187311027882102,0.6203330698617566,0.7927333358117867,0.914635468089041,0.9041986501702154,0.8949634718577248,0.9146861022385053,0.08693677619715694,0.5893575804717666,0.477592859301632,0.4526630761061717,0.4334205770605508,0.4414979158357354,0.49554136880896504,0.5893575804717666,0.8450025297724398,0.830401190076,0.8128905912284007,0.872145678803159,0.6134486414806836
SurfEpMedianFormal,0.14459790194959857,0.5626033288114235,0.024752687427969343,0.8702006059170629,0.877619763893248,0.09767571103930162,3.2538869619735894e-05,0.06201091402959427,0.0005865914244450654,0.20317997658262166,1.2910994178525659e-05,0.0017474343100743121,0.2068025467260614,3.145443862278743e-05,0.003414945012382449,0.022041503094621762,0.01087140948844502,0.05125090497768081,0.022154736340130057,0.007156116414452498,0.00021242876096782992,0.004684606383443306,2.661951195518369e-06,0.00012618143397584696,0.002334727722682026,0.012847221619156553,0.09622782280522592,0.0055338082579005085,0.008863380893294717,0.7163179215861369,0.7744998992573116,0.9940440128079568,0.9987595500862524,1.0,0.5705126994012729,0.028348102738882164,0.3865277335188921,0.5236750131562483,0.4830235613629561,0.46801509670341856,0.2880313131814328,0.5686841603240985,0.2920757906970254,0.9181873160390467,0.9246772119264751,0.9228830692992436,0.5003228175387188,0.5087406263232606,0.005737557607713757,0.01921735036455584,0.07899300618100236,0.081599824323344,0.08602411131345059,0.13006610644845834,0.018729090509595377,0.022497701991794652,0.0252997672043768,0.03377802434079313,0.03556103093985445,0.006861950472702463,0.0003834044231030041,0.10992056104685878,0.05675170362061356,0.06299133487421205,0.06677431331661188,0.11742415097055149,0.02353939745160079,0.7080085894333732,0.7727204410056496,0.9906929116141046,0.9956958340176747,0.9970501939524771,0.583650920628316,0.024375430202699035,0.3901769759162931,0.5257145181902361,0.4860415152536866,0.469407692959075,0.2912972208846476,0.5665976727088607,0.3082013692041712,0.9083141846958146,0.9126831101798579,0.9136570155896868,0.5060969468468732,0.5156014561515903,0.6114356404646302,0.7906347033239693,0.909060454974805,0.899749389418112,0.891624639093008,0.9091208010081834,0.09031926112047778,0.5838602318238294,0.46752868946051407,0.44284867374510717,0.42367873330332984,0.4359290702290307,0.48683509968558686,0.5838602318238286,0.8427969163338151,0.828617870786899,0.8112990538751829,0.8680758907611947,0.6126760009120502
SurfEpSumFormal,0.5253676933815324,0.16544516458486036,0.21852662932665629,0.8513315299298051,0.8393255241427104,0.5625546749882834,4.393515982073236e-05,0.0018899327017745213,0.0018009776100991247,0.04934195269807516,0.007356108714300856,0.009659343314641806,0.08569977284914577,0.003991804268942711,0.0020096175076239446,0.018422670839284956,0.005861816287251441,0.014520799957310449,0.039812409510428755,0.005177117876133679,2.9554045215055003e-06,0.0006181598253398666,0.00038855100444365817,9.64619109985413e-06,6.462092347940079e-05,0.002909657786029706,0.5610200285509531,0.007027240018264967,0.051223003851291166,0.28969628163269595,0.5298493067924391,0.5690781420793284,0.5712374406813039,0.5705126994012729,1.0,0.07212914932424751,0.13334690337076077,0.17868304715459815,0.16368635365246526,0.1563503927058672,0.09665318100934249,0.20895717204059666,0.7733295931510714,0.6075225852621204,0.6052081976603744,0.6038651704288439,0.9829185959904423,0.35535489982388424,0.049383114646315486,0.05356147242779629,0.08301832341616361,0.08384573066143437,0.09194266919256783,0.5704648393483055,0.01243969141910805,0.31013804938126505,0.017339971585687255,0.025685791136421346,0.027764412431495463,0.19823850197678736,4.5017155771224756e-06,0.5761479355483131,0.0832265064575811,0.08836077173872389,0.09048490157193766,0.5734836042906439,0.030129578121253078,0.2774587418468542,0.5252330017702432,0.5561534178146127,0.5582863991369589,0.5575122793331592,0.9981515544821519,0.06745846276341087,0.1319966945164438,0.17739583776988135,0.16074170517975,0.15409478170356622,0.09752225249805571,0.20705501395007675,0.7876608254350018,0.5933254971078722,0.5921761370339629,0.589878160612744,0.9817499222874922,0.35596980279267293,0.24129163275028673,0.5335242494979984,0.4821568583794972,0.47254178626437277,0.46457736195783056,0.48211130466028734,0.12605333567792906,0.22077514251008806,0.15233668014479507,0.15282135345203912,0.13533538117759822,0.13686670243529347,0.18238749525467013,0.22077514251008823,0.5128360055468657,0.4947580872476244,0.48192020001991714,0.5073064200190215,0.41736894412711933
SurfEpStdFormal,0.05155952386797564,0.0016667538649146778,0.44090609426091826,0.04697015175933033,0.0459983725679411,0.09833911172655795,0.024830581800241554,0.014561786101469423,0.010415348737747505,0.0028630430218068346,0.008271361241457234,0.0025330549142639678,0.028545195575532655,0.027135487321261174,0.005361800193274594,0.0019483625404439582,0.00015943034845491624,0.01421328333066812,1.095124518572505e-05,0.003291524637485632,0.012148418970230787,0.00249352315426481,0.01638817817292997,0.0002986303037535492,0.004855956850745435,0.0006143916244874903,0.09910554638963548,0.12091602966105074,0.02686159226411017,0.06933526789611345,0.20397768583235398,0.024516664725375833,0.026389058616667307,0.028348102738882164,0.07212914932424751,1.0,0.039471896846152724,0.1296669736572974,0.13042792028645553,0.13257419185219727,0.04736610883414614,0.13289553407410076,0.05670205398834352,0.10045670993030052,0.09386792078619757,0.09246158012513456,0.09466322954964514,0.4785011091066135,0.025893192285278616,0.0098584243144151,0.006691370103404289,0.009806889323088777,0.015421511329822663,0.09022921961287053,0.009474380540741513,0.08132020165478795,0.010266205231565705,0.007758963846459665,0.007060214245076854,0.07589027447838748,0.008965355740679215,0.09495000712593761,0.04724183424279128,0.04570191061160107,0.04397008205133245,0.09955903169378585,0.00873239301387408,0.07005688691987344,0.21056094045481258,0.02438154407455612,0.026121878886692033,0.027974660694913372,0.07109890623239797,0.9978343128620326,0.03861560968564041,0.13053446567429583,0.13383152007265714,0.13463001803972513,0.04875439338952888,0.1358431126381567,0.05540360362580775,0.1074879486799052,0.09965529413141534,0.09856133009479154,0.09684734274703795,0.46478564827957786,0.08954184983666301,0.1602297215821958,0.007314750315650203,0.007078965173940607,0.007720496079584642,0.007317755460373418,0.7020549973412646,0.03002974666230525,0.13610242384084767,0.13695846846133974,0.12608322321683674,0.058493931773578166,0.12269054491235525,0.030029746662305238,0.0913251513515996,0.08079120054453556,0.07981768220822434,0.030732668555119642,0.2863255831070331
NSurfPosEpFormal,0.003824045725824539,0.5640498222516821,0.05780518582186257,0.29599347262029546,0.30902048008240934,0.026536436394480778,0.0033537001460894984,0.058582235600844614,0.0009379670319878693,0.11166171063721235,0.002146827362827307,0.003208353994722951,0.09602030989897982,0.003703959212858764,0.013835589716459498,0.014271639887614677,0.010259433477510854,0.022478651554359613,1.5195034399489028e-05,0.009574320656104134,1.925120709003493e-05,0.001787576007384104,0.0003269458895893349,0.004518756013120668,0.005414005352251839,0.008049619443162534,0.027279996841177764,0.05076156876607087,0.010405719982437193,0.496689501814112,0.21086692847363817,0.3958661645579144,0.39022774608815697,0.3865277335188921,0.13334690337076077,0.039471896846152724,1.0,0.49215631749685135,0.4609701819900272,0.4503321946696199,0.7680619024420876,0.5078228278082498,0.04407014867957593,0.21970016684784088,0.22074135990647284,0.2237123279565928,0.06611748667472869,0.15181789553833278,0.010090709811417319,0.0033905072547430136,0.026374910597266488,0.02741844029245228,0.02314565082185906,0.010556921239084499,0.02766537497979261,0.059543697358862314,0.029367571474214527,0.02880844824447608,0.0285574678119105,0.07768583594549414,0.009136790164762683,0.02003778726026021,0.00043104746142837624,0.0007253824862047327,0.0010859689991809403,0.018181581134881133,0.0007079911596909958,0.49999365218360897,0.21304143069121856,0.40137893582650075,0.39585594995906725,0.3921423592060381,0.1455641155714192,0.04163190079906245,0.9932940214155083,0.5045958241305903,0.4769284341489611,0.464297789460188,0.7962430223037171,0.5032800409894861,0.05253032397344724,0.2132088723695315,0.21625214703396167,0.2168544946312883,0.0673567895213887,0.16124923087457918,0.45275842205660094,0.2261452135863404,0.3956748279558627,0.388527948016323,0.3822244998598544,0.3956446704307585,0.005528458280891054,0.6059363248864066,0.443191493043014,0.41945431985295684,0.41119105130127553,0.5458353379658278,0.4458412353199585,0.6059363248864067,0.21033591097767243,0.2064381654194821,0.20354094886283672,0.2727653196881425,0.19457599471152656
SurfEpPosMeanFormal,0.018550033025015386,0.6405350400009217,0.046232837230027565,0.39468536314232766,0.4026468166983601,0.00234732291491279,0.005668648418009762,0.08588242645072883,0.0010752737475189654,0.1282651501218421,0.003401048710919399,0.00671033861286899,0.09389691320152856,0.006081159360719658,0.0053694007815338115,0.003917430369404411,0.00420150113412322,0.08194322721397623,0.007544085222190617,0.01098733416052667,0.006498126601690153,0.0006253666227331457,0.0036409277162698602,0.0020640320588620185,0.007322012533978032,0.011259966659373403,0.0021579563677044215,0.07073241586974764,0.00032459080583848755,0.788714089469142,0.2735729061368379,0.5516932788248132,0.5345564121452622,0.5236750131562483,0.17868304715459815,0.1296669736572974,0.49215631749685135,1.0,0.9927974398319798,0.9827522325329057,0.5762981448677085,0.8737342291887621,0.09482808517265603,0.30369719114819366,0.3031195566267781,0.3010296244064913,0.11073232095666741,0.14713271490861674,7.483520405868017e-05,0.0016824252913281432,0.027665010261285504,0.027412783424819856,0.025076532935797133,0.008022217031770995,0.021994766829170835,0.0025410842812089076,0.02811331564340586,0.03151505121191175,0.03124721145383976,0.00984186252727386,0.004818054612030869,0.004247620090601231,0.0038969266440657415,0.005019893182504437,0.006619099999224281,0.004574002862974146,0.0036061156949927587,0.7846257894341266,0.27229201789196156,0.5527171440960903,0.5356756137124756,0.5249441937721361,0.18634855028852748,0.13484784193046992,0.47734539958894323,0.9958929412097561,0.9879364895240662,0.9775670785133628,0.5679815924509188,0.8716095101253204,0.10143450453722849,0.29480894222077375,0.29443128834453747,0.2923624966377272,0.11088942851173338,0.1539866927265892,0.6864546997193848,0.2934862234052079,0.5529761263791612,0.5344320351990011,0.5151030876956337,0.5529485888050075,0.03522120693921106,0.6542141549212115,0.7839088484078875,0.7728410396033634,0.7462751549872935,0.795863827809968,0.6684382796912598,0.654214154921212,0.2929973469308463,0.2887771919374838,0.2848191158778689,0.3742107163692334,0.2051206083302029
SurfEpPosTrimeanFormal,0.01882442168640516,0.6232175286876792,0.044653948817197565,0.3625580273073953,0.36970473759090866,0.002831255518085648,0.0052073023247138335,0.09185828881299761,0.0015800827668189027,0.11660627242055423,0.003241094550025588,0.006660133867831627,0.08380837941441237,0.005070647746787405,0.004009771591799979,0.0020343096817375316,0.0033428689097213756,0.07251838694991264,0.007532257871257199,0.009680527947759076,0.007537180754273433,0.0005870293900948663,0.004611958313057259,0.0019361022425520935,0.0073921113229196075,0.010663503675606917,0.0026317760440417166,0.06501545488304192,0.0005306288307820212,0.7288685244722766,0.24723055440520714,0.5096031972957589,0.4935856744416562,0.4830235613629561,0.16368635365246526,0.13042792028645553,0.4609701819900272,0.9927974398319798,1.0,0.9971089206481736,0.5817360041733062,0.8213016192310529,0.09287166312586465,0.26382688461961207,0.26250015553655376,0.2611924272960636,0.09816142985149719,0.13875683934642535,6.159902142385695e-06,0.002008071573186909,0.024802987995855008,0.0249301686216514,0.0236350341548003,0.00822111612375139,0.016126175058399566,0.0014407668392950746,0.022377009496095435,0.025416255030301534,0.025111853464704615,0.00702951681918469,0.003339582104780005,0.004655499687878671,0.0051531504626239994,0.006297430212528517,0.00817226191641465,0.00501935390578625,0.005193900334477483,0.7247794809793778,0.2459585836586457,0.5104869335371666,0.49452709957830565,0.48409764257325155,0.17054337834812294,0.1352146571584512,0.443271949007574,0.9891246774267294,0.9948797573449787,0.9911072733181512,0.5700549027048818,0.8188741968118438,0.09846160967078252,0.25583485430205977,0.25513380257171603,0.2533011680977489,0.09803462574330586,0.14452007124929667,0.6437757812813594,0.260103250525473,0.5058676292649225,0.48753539095842796,0.4687266959125224,0.5058522696437086,0.039240417003851356,0.6143084059750646,0.7618281555619861,0.7553911024396366,0.7310110772543104,0.8003821563936252,0.6265751028590203,0.6143084059750652,0.25349795536877556,0.24917998394273214,0.24622534435603938,0.3262294491568078,0.18446318310708737
SurfEpPosMedianFormal,0.017717059791618854,0.6166040625453563,0.04502516407313611,0.3494805237498633,0.3565424757014251,0.002633965023438063,0.005740680293209923,0.08921741742197159,0.0010544784868529355,0.1136197002585927,0.0038409060053126226,0.007817982637331564,0.0777848308897173,0.00472141920546166,0.003963168492596456,0.0015509603791629223,0.0022350677481525814,0.0743756390780668,0.006969144127982601,0.009703220490368591,0.007661555235525073,0.00036190663609811754,0.003998699469802074,0.0016697176711689022,0.00662046780042026,0.009286192669818926,0.0024451353743469434,0.06243240199396479,0.0006619222186355368,0.7032332899680479,0.23919064153622077,0.4940571899393707,0.4785242147287834,0.46801509670341856,0.1563503927058672,0.13257419185219727,0.4503321946696199,0.9827522325329057,0.9971089206481736,1.0,0.580633025726836,0.7907716236328092,0.0896094998286301,0.25214220753769634,0.2503163773314801,0.24927150261528908,0.09250262946818628,0.13428573426031684,1.1546479423455748e-07,0.002297583072085123,0.0215597745159284,0.021571118034764934,0.020180060717348656,0.00740495816979835,0.014048570857480852,0.0011519341543405677,0.020977049164690453,0.02357341743808295,0.023240979900428414,0.006197207585137682,0.003425579185028915,0.004247658384874342,0.004397891967116462,0.005371492198105164,0.007064592029092888,0.004542409225354537,0.005126026541882727,0.6994991488025054,0.2382503004223069,0.4951267740111887,0.47962730297771233,0.46924126705393326,0.16301322840641427,0.13737204378533324,0.4321135353629508,0.9795890777959527,0.9923396381372753,0.9936560592734591,0.5682232444596407,0.7909797587228133,0.09489284789571778,0.2446339239656041,0.24371109716139722,0.24185636732545054,0.09237470629227244,0.13991821645027447,0.6239127094710439,0.25031711861910017,0.48816189626626716,0.4703590694047665,0.4521466911182322,0.48815157835160056,0.04083974245209279,0.5989724359939794,0.7481651927364545,0.744086085489995,0.7212025226799212,0.7974837926449619,0.6081584481260877,0.5989724359939792,0.24186932232454247,0.2377980989459036,0.23504992162176427,0.3114465207890965,0.1780799924323889
SurfEpPosSumFormal,0.001538683742656908,0.5433884277166745,0.05287459546676215,0.221620822006871,0.23193222666567656,0.013620045880715822,0.001782292690471982,0.0659928992880418,0.001721456800562645,0.08471692767155811,0.0037350845303061038,0.00010177400919487555,0.060335446219720694,0.0002638472666966557,0.005469490018526211,0.0028594921600678734,0.00219590216381888,0.020773672188358593,3.2994595457285255e-05,0.011364278803731687,0.000312561099015964,7.294104551743527e-06,0.0013287310644727844,0.002519529719437683,0.003804368408645081,0.004167727110677081,0.014031446149496085,0.0369704184255772,0.003094802405294288,0.38190717733850965,0.14633685448026698,0.29690926763841036,0.2920434454119457,0.2880313131814328,0.09665318100934249,0.04736610883414614,0.7680619024420876,0.5762981448677085,0.5817360041733062,0.580633025726836,1.0,0.42945869227853406,0.04374819892670254,0.11779364280169587,0.11428899414042915,0.11711628622332076,0.03385783770246129,0.13436958121212103,0.0038457886086113563,0.002864938392736822,0.014097724506738497,0.016222717985074173,0.014338977214112378,0.005762475522163322,0.010241131825732714,0.027785396868546867,0.017987898168508883,0.01665135870813258,0.015822730720013955,0.04248146971012789,0.00851665437622887,0.01066919975571885,0.0008076724792183279,0.0010462222680176093,0.0015492987949889605,0.00992980270852784,0.001194077626341141,0.38496098291905223,0.1493019151496655,0.3022741930915995,0.2974149227578741,0.29336786179599705,0.10568688679394515,0.04896122808222614,0.7334257339293904,0.588426813471457,0.5953920522355185,0.5927705653375008,0.9953982462092485,0.4233816839837428,0.04811529004377954,0.11510617959088795,0.11431805222523478,0.11379705981279598,0.03409656519374323,0.14031428321408876,0.35776070568447105,0.15060048923413671,0.2783800226322959,0.26866282578992473,0.26175944228045983,0.27838043629402914,0.010116458684873196,0.4514177143029244,0.42821678744216857,0.42904137338366305,0.42162374230143046,0.6733307489560582,0.34892342483644617,0.45141771430292466,0.11836132984078265,0.11196962659819229,0.11436751622622537,0.14206024193924,0.14664171165491677
SurfEpPosStdFormal,0.016709348737647997,0.5601291530370973,0.052967505029347633,0.4449932135609561,0.453971291327619,0.0012700098845029844,0.0055256215412909275,0.06018796919693287,0.0011555803204773662,0.13924921560275558,0.001743612008312075,0.004054705966057988,0.10899981302474922,0.009779227224125605,0.010315677777834372,0.011129546947300747,0.012190835928084252,0.09224120910505217,0.007639073771632103,0.01149144267259666,0.0032710010655303393,0.0006832677077966022,0.0028695387593073583,0.002811092853871221,0.006775328727913429,0.015059062666484685,0.0011242820010118901,0.08093335581233456,0.00013960635054162783,0.907661503417956,0.3073787880514176,0.6014156566691644,0.580441201943156,0.5686841603240985,0.20895717204059666,0.13289553407410076,0.5078228278082498,0.8737342291887621,0.8213016192310529,0.7907716236328092,0.42945869227853406,1.0,0.08990114372161934,0.39860050687077586,0.3989900277001617,0.39891025751581727,0.14640181028800736,0.1357961913298147,0.001590619605258682,0.0006088102507701095,0.03829304000996048,0.03623830049503481,0.030944265525654227,0.007631834159616141,0.04553364071355504,0.007424509780406443,0.04466317008708084,0.04964943134584143,0.049759263126883495,0.01952883619469737,0.008337120826224361,0.00332327192869041,0.0014401878937901963,0.002379471127516904,0.0033310275073407626,0.003563560599068593,0.0006769788643539094,0.90361814728303,0.3050725021967471,0.6020189899533097,0.581321169542883,0.5698398433423728,0.21809338387360702,0.1389480020542666,0.5086147319618424,0.8670663471844268,0.8133811353398979,0.785134995138367,0.43560112684766267,0.9952988416379233,0.09923210325933793,0.38705537182702815,0.39003628012121877,0.38815993144548533,0.14755350486314325,0.14467512362127827,0.7494454772808317,0.3461872836325513,0.6269672507711787,0.6083600162346734,0.587458460937904,0.6268915617376729,0.031184946901454784,0.6721124941762618,0.7616431218693368,0.7346412539584816,0.7032584157965254,0.6048025012915362,0.7462970153036981,0.6721124941762622,0.3793993568150409,0.3757196125697538,0.37100549075394806,0.4953346918542243,0.22298263609809402
NSurfNegEpFormal,0.7764190550832166,0.08154929151593111,0.313130777517083,0.5540543404896555,0.5306524799301905,0.8655341403260143,0.0006408363658789636,0.0008352986225061414,0.0006303122573065511,0.011900422159741275,0.01459591399303399,0.014344672241007904,0.02140428231633657,0.0019242425464393483,0.007052383612877564,0.012801163829139157,0.0021871093420622084,0.0026776559308235516,0.06785862504103042,0.004727260711498586,0.0006620505915397712,8.096617051195973e-05,0.000492326739159546,2.6191757131968497e-05,0.0006384288521451497,0.0022102076094664305,0.8641771633084396,0.02578579525838546,0.11904190810795658,0.102263392765076,0.3145971577398842,0.2889692274656578,0.29211222405230236,0.2920757906970254,0.7733295931510714,0.05670205398834352,0.04407014867957593,0.09482808517265603,0.09287166312586465,0.0896094998286301,0.04374819892670254,0.08990114372161934,1.0,0.28050203297735243,0.27945868274719715,0.28099180453950157,0.7755998700574661,0.24546246257587123,0.09837976348316571,0.09298998879224125,0.08779487052934551,0.08835776347928731,0.1001003889800904,0.8284964460083782,0.0057942807295574056,0.5469256210656398,0.0100818809743838,0.01741580606969895,0.01919339585135594,0.3860496510922252,0.00111587781879715,0.8681714042338485,0.1097971188321781,0.11222315072032374,0.11353627421563804,0.8556000664455378,0.05195886316326499,0.09208597909131233,0.3054652971162509,0.2732753587374564,0.27642100592723856,0.27627056864248634,0.7522891308563061,0.05319843120941456,0.037414423819433044,0.09068548544609062,0.0868621303983723,0.08525810919125304,0.040495530801263856,0.08436461436533872,0.998591273112722,0.2627877239467604,0.2631503859574533,0.2630771118499723,0.7585239505876772,0.23879646355848283,0.08351951237349968,0.2925691094362573,0.22217948014585925,0.21736149864552695,0.21505237168478566,0.22212937040515987,0.09661519997582353,0.13935599600237927,0.06104961741681665,0.06177546627512996,0.05770454357290739,0.09523364524309237,0.06903230334516865,0.13935599600237933,0.22083069935534475,0.20761799828311472,0.20174772836091942,0.21711447843363824,0.2686727002751818
SurfEpNegMeanFormal,0.166909830027051,0.3556291544557315,0.0631435680210948,0.8557073206924093,0.8611205412180861,0.12872516788575164,0.0010656144020238644,0.034794765649916945,0.0015996006660080255,0.17470800582198723,0.00025370443015076884,0.0014352345436982224,0.2130807711693638,0.0005078446700740542,0.002542257682000157,0.026181577346625542,0.013428115806011429,0.039556685840910384,0.02133475609997087,0.0039001384707286098,0.0002980422006794942,0.005242214062933023,0.0006314816117471687,3.687369903694413e-05,0.00024756463206940276,0.010493738198949195,0.12721822241739475,6.423984138836122e-05,0.010100867079115661,0.5742786925005572,0.8100696740697774,0.9194472842383822,0.9193183786613104,0.9181873160390467,0.6075225852621204,0.10045670993030052,0.21970016684784088,0.30369719114819366,0.26382688461961207,0.25214220753769634,0.11779364280169587,0.39860050687077586,0.28050203297735243,1.0,0.9976067868526634,0.9940806369296119,0.5758961823064299,0.5299125151010557,0.008393249120924534,0.02300184100536517,0.08024913538032993,0.082781534120758,0.08840165201397387,0.1629402638981984,0.016280402277123133,0.03754055557525061,0.02007135360066779,0.02864429215090379,0.030878737050684776,0.01660731582924352,1.6746681773829532e-05,0.1418828828628563,0.0665875913631777,0.07321745434755783,0.07636725551144881,0.15117602374765496,0.021912663579312954,0.5661466885997618,0.8097994644670834,0.915371371800881,0.9153688140353556,0.9143121989175178,0.6194675802050819,0.09337396635856815,0.22918677086134087,0.30441404402276756,0.26540175471782873,0.2520602348635218,0.12202556357317347,0.40001413446185097,0.29598690536250655,0.9963915254447339,0.9947965835751159,0.9914567470149604,0.5847468380570344,0.5373585472950267,0.47496110360647265,0.8220204286641142,0.8460886468279448,0.8361888553993866,0.8259431105604249,0.8461382236341835,0.17034910306046944,0.39280223567393585,0.29954105369576917,0.272546436012826,0.26124391250754425,0.20834102544205382,0.35074132306888606,0.3928022356739364,0.9178447716461704,0.9000815580535714,0.8835637185330768,0.9098150696685122,0.6259674163743542
SurfEpNegTrimeanFormal,0.16736853661557477,0.35299137675900855,0.06098444972573844,0.8545654189379209,0.8597547784889293,0.1277031566441018,0.001185377242304108,0.033815752854250695,0.001599128713451127,0.17239254996212233,0.00022781237466733617,0.0010869721810994075,0.21251925708866462,0.00040176312455173754,0.0030905697698420166,0.027409537880664046,0.014365545060683146,0.037926610158600244,0.021881284504171962,0.004115424342097122,0.00043983536542444983,0.0056091845108399135,0.00045222448596845085,8.926277170266066e-05,0.00028672717133608255,0.009832154725286958,0.126161803127786,0.00015554557548592044,0.010151517040425256,0.5727613627972308,0.7922772168916841,0.9211701827331602,0.9242770883029643,0.9246772119264751,0.6052081976603744,0.09386792078619757,0.22074135990647284,0.3031195566267781,0.26250015553655376,0.2503163773314801,0.11428899414042915,0.3989900277001617,0.27945868274719715,0.9976067868526634,1.0,0.99882966107223,0.5745979208704022,0.511345960582887,0.007972184816128419,0.022893294394071582,0.08132739274960499,0.08379625883965068,0.08940894405268178,0.16261623364044725,0.017065790075049627,0.036261767809032626,0.021018340590632664,0.030080769274749338,0.032441582273503924,0.015688191858916265,1.4832019177971233e-05,0.14110703686177564,0.06629299868137299,0.07324525016218134,0.07625350927768865,0.15048477050178988,0.021705990580828786,0.5644584000223439,0.7910928242051262,0.9167473844180817,0.9199984076738351,0.9205147483697496,0.6169441043228341,0.08687577371323621,0.23075634049652452,0.3036164909414318,0.26373267540042145,0.24991683912447135,0.11875542208282998,0.40004130101430413,0.29522456638997874,0.993083043961025,0.9962641472914916,0.9953893781900413,0.5832169151883715,0.5177930130005652,0.47457991222399926,0.81226980365249,0.8453156801259157,0.8366787115385003,0.8270634959732243,0.8453796178763506,0.16333923023226457,0.3968898912891758,0.298683030483791,0.2708957813490474,0.25917529305342013,0.2091714620273314,0.35284716278216316,0.39688989128917523,0.9101259093349385,0.8942081519763435,0.8784677625867119,0.9063926889792786,0.6169736076200134
SurfEpNegMedianFormal,0.16906357738277272,0.3534833618838202,0.060182349935761555,0.8515867267786871,0.8565061635927844,0.1279493411241517,0.0014092791805394482,0.033738842691911346,0.0016051306798077571,0.1734140371511708,0.00022776788223345405,0.0011315878774381272,0.21291192940086398,0.00025859357254221367,0.002753924871733865,0.027178419401631498,0.013738918207618689,0.038979443983987366,0.022625591081632323,0.0038671963498649597,0.0003397952690173473,0.005144470729508343,0.00042339436782199216,1.9456752365849768e-05,0.0002676345436235255,0.009981358871705795,0.12638634020879383,0.00021820893454163357,0.010730859204851674,0.5692566095674442,0.787538460595865,0.9159044738288841,0.9208254619415029,0.9228830692992436,0.6038651704288439,0.09246158012513456,0.2237123279565928,0.3010296244064913,0.2611924272960636,0.24927150261528908,0.11711628622332076,0.39891025751581727,0.28099180453950157,0.9940806369296119,0.99882966107223,1.0,0.572419501233682,0.5087705351506233,0.008233277480685931,0.02253599708326346,0.08188451233939982,0.08440546905543837,0.09035888603561547,0.16303862171605538,0.016908708910896048,0.03628129246377645,0.020592027714345137,0.029546061329769294,0.031868146253145,0.015796387084673732,4.25139331536013e-06,0.1413782051490901,0.06748007826219733,0.07454129295435162,0.07772450781434222,0.15090163291924055,0.02188169076683553,0.5610130286837925,0.7859510373214166,0.9112767521939529,0.9164025205811847,0.9185912968850586,0.6154196679080712,0.08534626424996605,0.23365210476791098,0.3013837897344388,0.2623122575626495,0.24874295370306776,0.12160046541056711,0.39978080936260935,0.2967549755211575,0.9891883962855897,0.994756327575819,0.9962581763147639,0.5808006247961051,0.5145653635955112,0.47368834841713015,0.8077850690157967,0.8401330149616372,0.832490081484028,0.8238451698562925,0.8402017474663486,0.16329217274468788,0.3987287802727552,0.29914766395331843,0.27180325191307203,0.25959534494357184,0.20966007237372644,0.35441365098486055,0.39872878027275604,0.9041188741988937,0.8887798407815858,0.8734440205637155,0.9016686656771217,0.6155311330974349
SurfEpNegSumFormal,0.5700038181228828,0.10194229053791044,0.26528979709005635,0.7911603391275649,0.7765677081275753,0.6268136917121776,1.1016195611088766e-06,9.281202764137342e-05,0.0024595170300069405,0.03598512785534558,0.009428932324233088,0.01061472893318366,0.07234608972048104,0.004566169702685365,0.0031956852970719345,0.017693049300671646,0.0052903942350504595,0.010983206514893972,0.04290653540903656,0.0035702999325946893,4.2669408972832014e-07,0.0006421702995300295,0.0006450478736944506,1.361860233423074e-05,2.8270755072320967e-08,0.0022002872220519623,0.6255188549266152,0.012799152344166417,0.058423264785571985,0.22245204417150355,0.4902510116207773,0.4973402999969443,0.500299864197736,0.5003228175387188,0.9829185959904423,0.09466322954964514,0.06611748667472869,0.11073232095666741,0.09816142985149719,0.09250262946818628,0.03385783770246129,0.14640181028800736,0.7755998700574661,0.5758961823064299,0.5745979208704022,0.572419501233682,1.0,0.32044812027311126,0.05680823931533779,0.06086215879011805,0.0793256978833064,0.0794913196847249,0.08827808785090996,0.6265362544938654,0.01028784215715734,0.3586248241621366,0.013862373612431384,0.021904121655060806,0.02403229883096896,0.23892281993560946,0.00011016571990299826,0.6386993592662782,0.08669531436223647,0.09178823864686209,0.09343662886581126,0.6349994743817102,0.030540620713535128,0.21107185978287601,0.4849207972303983,0.4839143103615222,0.4868232074644746,0.48678980354096757,0.9771580212882963,0.08941923434077796,0.06654596555513898,0.10896234580253988,0.09489835499272685,0.09005552040250395,0.034508261038730614,0.14524340548579637,0.7879548839516796,0.5624183340392046,0.5615008529671404,0.5593454983731335,0.998602966427839,0.31980333314037596,0.18126455310896916,0.492838441078353,0.4167366701282563,0.4091300746948923,0.40263848705006067,0.41669280270112125,0.14516373248154932,0.15486919663857343,0.09838070702382845,0.09440669327042757,0.08477552241637958,0.07277113277821824,0.12991405251572763,0.15486919663857343,0.48065023741039004,0.4642017031337682,0.4508106741318712,0.4689040412520246,0.37879145766293393
SurfEpNegStdFormal,0.10860981242882681,0.33893391849981186,0.23438875971037457,0.48771968377001046,0.49149300234690596,0.12454266789312969,0.0066438262937913144,0.011806065177375077,0.003942839632216934,0.10794226606655641,0.0024288742361918652,7.248838925302275e-05,0.14731500407099765,0.007809635873018245,9.475856847759002e-05,0.008472193168759856,0.008122344331059341,0.007265210828945813,0.004038805226165252,0.0004667943500214195,0.002049345793010191,0.0024001648659196504,0.006143291983424419,0.000626981232644662,1.9853889336192594e-05,0.003629054217586207,0.12438306973793521,0.025246216147093326,0.026673609862279492,0.174918264782383,0.7282014872350279,0.5191809435099348,0.5113193276301848,0.5087406263232606,0.35535489982388424,0.4785011091066135,0.15181789553833278,0.14713271490861674,0.13875683934642535,0.13428573426031684,0.13436958121212103,0.1357961913298147,0.24546246257587123,0.5299125151010557,0.511345960582887,0.5087705351506233,0.32044812027311126,1.0,0.022995456035239028,0.017322162119127505,0.04671635178212218,0.05359645176618842,0.061159773429738926,0.1384307314198873,0.000882254422202568,0.05948116482128033,0.0011455207445181343,0.0027971079365295072,0.0031296342777292307,0.037588321123931775,0.0013088997208418355,0.13054437821107065,0.0657063714135904,0.0669541432543262,0.06883154544564876,0.1364071663458472,0.020141116908789766,0.17261572163160777,0.7392400939301379,0.5194391649032322,0.5111248956066102,0.5082404444716458,0.3615761330162887,0.4696093627146832,0.14887291977167513,0.14595411679624146,0.1360198214671539,0.1325335365413662,0.13235426946594195,0.13115742763420205,0.25267825845649766,0.5346773162187893,0.5169066879871786,0.512157384583502,0.3241212285411947,0.9966063579187074,0.1161812287012715,0.6505976331104003,0.4233833073353742,0.40854923954828837,0.4004929251302204,0.4233491805300473,0.4533918296583893,0.22566262544856117,0.09671511157048855,0.09792332585564746,0.09479846731283814,0.1857777138113091,0.08650004293666853,0.2256626254485608,0.4913334111642261,0.4631728916652615,0.4557243177331248,0.4118391574226036,0.7864172716394257
SurfMhpMax,0.10059975902956404,0.0007577464332632451,0.07324478284584493,0.02481647507367162,0.02275384959190435,0.12567314838926474,0.00735813086379318,0.00012689089870639633,4.334849279070314e-05,0.0056183330649151484,0.00416647364633411,1.4621585447539934e-05,0.005857380262526511,0.00040502974244706693,0.002338885419946448,0.010190453545378002,0.005643688191328252,0.0003380474056378896,0.00011581202176324761,0.06578103980051139,4.059843347638608e-05,0.0003895052458092211,0.00014331560607736598,0.0032149996252748437,0.00013020589359029138,0.005051612578986441,0.12562843701986864,0.031128012532073722,0.05764977090986984,0.0011980035889120498,0.016727813351661184,0.0052275193284509825,0.005400755052071987,0.005737557607713757,0.049383114646315486,0.025893192285278616,0.010090709811417319,7.483520405868017e-05,6.159902142385695e-06,1.1546479423455748e-07,0.0038457886086113563,0.001590619605258682,0.09837976348316571,0.008393249120924534,0.007972184816128419,0.008233277480685931,0.05680823931533779,0.022995456035239028,1.0,0.014786480475984983,0.021840940092165306,0.011501178493963423,0.0051473508582532464,0.07773687187689704,0.15121688542667394,0.18181564997409466,0.19917067766537927,0.1376857811015528,0.12285883949247774,0.21501745279845058,0.3604300181173222,0.10529369868908094,0.01430563102303926,0.012194049980549659,0.012966911435243155,0.10446673630307275,0.014563787542431528,0.0014660682814167409,0.01663943469800377,0.004502691117520929,0.0046440044797298515,0.004922485555907024,0.046926121306599386,0.025390655329600574,0.011100868667320367,0.00010318766364313086,5.341137930638228e-06,1.3783659537557543e-10,0.004190483276981014,0.0016602903673672217,0.09621575640199824,0.007655949488533568,0.007310055583474443,0.007431613286617553,0.05531854209142031,0.021767925643538816,0.002653485366376462,0.012862196178072053,0.0016536381722471074,0.001364451465029031,0.0010971153923468825,0.0016472713375938247,0.02115617822395724,0.0001033031192548728,0.0009119854080729906,0.001012458227565248,0.0004450468715222749,0.0001677584774378824,0.0019090679480689872,0.00010330311925487348,0.0046882142509247745,0.003383014706370489,0.003710025409844519,0.0027212154025812907,0.015267667951591873
SurfMhpMin,0.11455147715933874,8.484031541049798e-05,0.031635625821655335,0.04067594042949252,0.03810132569591773,0.10922940328997088,1.988834671645157e-05,0.0023818862478270928,0.001450696886606927,0.0004736879715954589,0.01582681085965443,0.004854063394967224,0.002027201440195476,0.0005890183867300233,0.01175143535863684,0.007030303933121944,0.0035861151334444954,0.0339707888118235,0.04096376208651555,0.0005608309893527757,0.00026264266432322425,9.222905676854451e-06,0.0014370494873992832,0.0015906925447760733,0.0008165199375356458,0.0007568495398115351,0.1085002234542273,0.015492707481473494,0.04168206740260665,0.0012117082131615621,0.03846784950260228,0.018823907282435253,0.019214589718325206,0.01921735036455584,0.05356147242779629,0.0098584243144151,0.0033905072547430136,0.0016824252913281432,0.002008071573186909,0.002297583072085123,0.002864938392736822,0.0006088102507701095,0.09298998879224125,0.02300184100536517,0.022893294394071582,0.02253599708326346,0.06086215879011805,0.017322162119127505,0.014786480475984983,1.0,0.06533049186238482,0.06210791620051612,0.07470464118490905,0.12148120149141603,0.004265573301796988,0.05492414306558524,0.0007009941665597954,0.002749182010526671,0.002984858805087717,0.04181730002603509,0.005408820591985325,0.11293143617824733,0.13660778935270967,0.11701387132155275,0.11832085328068072,0.12202516093240096,0.2222929712505293,0.0007826834395856522,0.036502190251292074,0.017215580546494295,0.017637072052599508,0.017591468694038742,0.0512829295575279,0.009158601774362025,0.0033699728645536875,0.00114089391541253,0.0011774861450010998,0.0015637978331336662,0.0031531374504550993,0.0005585444483624185,0.09261973521970714,0.021107655978268077,0.02091334084219473,0.020688452767712792,0.05958679449166153,0.01634366549851967,0.0026416114950122646,0.022772396657015758,0.014872941221150857,0.014753555549621211,0.015111554624945312,0.01485154339895693,0.014399465980181967,0.0019440488587685568,0.0011501205791009316,0.0005780127515462688,0.000644419021585875,0.0003259370788631315,0.0020687869198670636,0.0019440488587685505,0.021953972916197245,0.02015222318728415,0.020363721948626713,0.019401149618910225,0.02041488087950793
SurfMhpMean,0.1420380937188427,0.01679798263971049,0.00826907118178753,0.10062713482380828,0.09391323753901576,0.058410295278520895,0.0020207539717863447,0.012279573197750006,0.02354150985338518,0.12095893763565614,0.018544123045810147,0.001997715262010929,0.1157816622429859,0.010386199414998083,0.0014002610380296505,0.2343505190546369,0.2724957429799993,0.0815876122902868,0.18686684999520317,0.22814717224678582,0.0013587802245227608,0.002535130969175072,0.00035731420075601773,0.028450075868977832,0.001268872330771704,0.1449463032835369,0.05639970679538893,0.03717642183496584,0.00668824622450805,0.04485607674630877,0.0670216624043616,0.07965673880307006,0.07990602418570915,0.07899300618100236,0.08301832341616361,0.006691370103404289,0.026374910597266488,0.027665010261285504,0.024802987995855008,0.0215597745159284,0.014097724506738497,0.03829304000996048,0.08779487052934551,0.08024913538032993,0.08132739274960499,0.08188451233939982,0.0793256978833064,0.04671635178212218,0.021840940092165306,0.06533049186238482,1.0,0.9766895457930036,0.9453160114026777,0.22224269600100705,0.4375833588000404,0.06312088314682088,0.3289424739311518,0.368776047205671,0.37836169729327335,0.13397007611575745,0.07620058017008256,0.11009810642296079,0.4910574946440746,0.48759099407045514,0.4886796454187539,0.14344914724039895,0.1311092152606474,0.03852605878891533,0.06220022390746976,0.07266697718833894,0.07294123665636627,0.07213638793439854,0.07847836104262858,0.006496674927349092,0.022649379798519848,0.024095576765914416,0.020520662750465678,0.01850917189051276,0.011793810326069432,0.03390131918689202,0.08720467249508254,0.07353063660977378,0.07487234619403044,0.0751966600070891,0.07540237005069815,0.04415763043386245,0.028647530757786747,0.08870610005014565,0.08052946729174977,0.08138901240198394,0.08170662205693757,0.08055795533539835,0.022878220064640364,0.05129113441220804,0.014725523863846408,0.011330358480194973,0.011097838950972603,0.02239883571739656,0.023394869369587738,0.05129113441220804,0.08424550303119374,0.08266334847485464,0.07972664937175732,0.08504598014505158,0.07589913934298109
SurfMhpTrimean,0.13706397024330544,0.018984867660625807,0.009639130098684138,0.10207566365458647,0.09594645485565179,0.0582572276401652,0.007518659260678749,0.012606608506984246,0.02471674543031793,0.13348408561491115,0.019803055279279884,0.0020579054444355136,0.11957979733004424,0.011218590020108953,0.0033651955468191256,0.23189386966012068,0.2733652680596485,0.08697232913706694,0.16931996150449224,0.18077081476611617,0.0005550532189666258,0.002779238428040586,0.00031317004000441177,0.02868500510291322,0.003822535340326077,0.15598253515935379,0.05630843608728375,0.03031840363484705,0.007590927680780007,0.044150780120767126,0.06927624622875123,0.08210925502280193,0.08240497686598322,0.081599824323344,0.08384573066143437,0.009806889323088777,0.02741844029245228,0.027412783424819856,0.0249301686216514,0.021571118034764934,0.016222717985074173,0.03623830049503481,0.08835776347928731,0.082781534120758,0.08379625883965068,0.08440546905543837,0.0794913196847249,0.05359645176618842,0.011501178493963423,0.06210791620051612,0.9766895457930036,1.0,0.9767727672926176,0.21798747238872707,0.35809234810205365,0.05720862191529088,0.23327988197536617,0.2700080655568476,0.28066368925775315,0.1182036738405153,0.037503076443335455,0.10825200487020223,0.5369430131340069,0.5388308059727649,0.5409209218942469,0.14275527900707344,0.11914828121994626,0.03825529396998321,0.06501436641269827,0.07561302626439168,0.07590664083500716,0.07519970742890769,0.0797397311956783,0.009581402467676348,0.023568437614295452,0.024175036060106812,0.020839263247912465,0.018802035300021502,0.013781887719471763,0.03224744574227051,0.08776682447861167,0.07669696334041132,0.0779286707140681,0.07836756137215409,0.07594108597200447,0.05105578032567173,0.025698276445708254,0.09290318993386117,0.07949918311441267,0.08015301876642239,0.08043019816601027,0.07952919601513135,0.028444505851008668,0.04859284945684106,0.013580898632290206,0.010781184095056653,0.010594485274231971,0.022210047260369986,0.020572597061837932,0.04859284945684106,0.08499394995362324,0.082761565610418,0.08001689910364469,0.08390242632069798,0.0827910633039905
SurfMhpMedian,0.15290149688553986,0.02082080677718339,0.01595895550775685,0.1081446562342959,0.10224260137187033,0.07067909127623002,0.013459961921933007,0.0064517813279107656,0.028448274705606093,0.13692488490748378,0.02244409692115869,0.00199069627773517,0.1240926023849253,0.007158164678166719,0.011510929772788519,0.2007344533688486,0.2431480596286617,0.11473287705646884,0.15439891520586171,0.15263177502927217,8.729903746471153e-05,0.003594497628727919,9.11609659337004e-05,0.023866137258217807,0.004604362622179764,0.14754131808616855,0.06847922104418602,0.01846773237789288,0.0109018481219748,0.04037252840254442,0.07646405326636042,0.08574059889312677,0.08651158892884028,0.08602411131345059,0.09194266919256783,0.015421511329822663,0.02314565082185906,0.025076532935797133,0.0236350341548003,0.020180060717348656,0.014338977214112378,0.030944265525654227,0.1001003889800904,0.08840165201397387,0.08940894405268178,0.09035888603561547,0.08827808785090996,0.061159773429738926,0.0051473508582532464,0.07470464118490905,0.9453160114026777,0.9767727672926176,1.0,0.2349545253568166,0.2639954546437963,0.03814951807858242,0.182239266585536,0.21331684885523217,0.2238609135919092,0.08493559280043544,0.025165050269837504,0.12128037701430093,0.6412675654175951,0.6480717218897905,0.6513947124830441,0.1614532564693573,0.15750775923312474,0.03517886636096352,0.0725506406874522,0.07977474802088899,0.08053893712960437,0.08011786369847876,0.08776561062397414,0.015053125319266053,0.019836669670292933,0.022426555697035253,0.019750540094116534,0.017846018656198958,0.012133065319570686,0.027832426626296706,0.09951189333552468,0.08286280386938553,0.08419575287390894,0.08486934501221959,0.08474536011614148,0.058573665233551835,0.021892486389928835,0.10009338233564254,0.07854698369948648,0.07880975573343321,0.07881628901762722,0.0785714243282377,0.03831753239810924,0.04184874491950288,0.010379101567674763,0.008208911164546771,0.00793992913895119,0.019421719773794168,0.016789700685194954,0.041848744919503,0.09017885718460011,0.08734956076011686,0.0850368736448778,0.0844370798544842,0.09025008834511043
SurfMhpSum,0.8660528371023865,0.0017521570933681527,0.37972280048505747,0.3401974112429501,0.3149884317377956,0.9188824469723498,3.481604223606148e-05,0.020801248637483765,3.440476807395563e-05,0.0058244801071808405,0.023674580646764,0.01750496963121028,0.015542101388106277,0.0014455367087571644,0.014561510811410867,0.03582503600851034,0.020148999940124635,0.006050132505095734,0.10914121306386032,0.023517263247587666,0.00018458648868784744,6.65215052924134e-05,0.000632881609133009,0.001527157437733687,0.0004430886278894804,0.011674431819582741,0.9155070133559137,0.032269097672115415,0.13146813791496614,0.013527394925582328,0.18042836776062823,0.126320141239236,0.12957041648924972,0.13006610644845834,0.5704648393483055,0.09022921961287053,0.010556921239084499,0.008022217031770995,0.00822111612375139,0.00740495816979835,0.005762475522163322,0.007631834159616141,0.8284964460083782,0.1629402638981984,0.16261623364044725,0.16303862171605538,0.6265362544938654,0.1384307314198873,0.07773687187689704,0.12148120149141603,0.22224269600100705,0.21798747238872707,0.2349545253568166,1.0,0.037378277763264876,0.4213690694378554,0.03653349955459992,0.05266607382831022,0.056693843265341985,0.26810731036341817,0.0002569476695575578,0.9661005573350688,0.21791916000493888,0.2187271513086566,0.21880295429221336,0.9844280087081514,0.07907050133309174,0.009290362965593673,0.1710832510159982,0.1133596259345261,0.11645167210409127,0.11685467166221848,0.5410106326864537,0.08689779087106582,0.014429969197632142,0.006000946500364185,0.005371628523065081,0.005337119672098243,0.008546133342538072,0.005967345006745613,0.8148509041953388,0.1496610446820237,0.14977466349469665,0.1497472991643353,0.6068781990902606,0.12979882642878507,0.006939548689858323,0.1728817477908917,0.08706579097189154,0.085583622353624,0.0851708310918869,0.08703929271743732,0.12275782201213344,0.01848841647097738,0.0010367367845727888,0.0002469350194157765,0.0007986915192407431,0.004945327450545913,0.0030670529942221007,0.018488416470977397,0.12646784115903598,0.11776785806400647,0.11393355775528086,0.10830472889997271,0.15791587834930884
SurfMhpStd,0.008422419766080415,0.005854797585734851,0.005400844575321028,0.02266358268577793,0.02056229443249047,0.00022371693908931764,0.028382979615571482,0.04833515691107561,0.0018573600447679343,0.025017887900020786,0.0007030207649852161,0.005614024682808574,0.05783459440179672,0.0193358963037658,0.023396424068592256,0.18800435034329066,0.17362792165286506,0.005912205515980702,0.12335326042276613,0.3416644726049352,0.022568258599605345,1.3808712641096058e-07,0.007463250651501672,0.020104958621155918,0.00015988891857783978,0.05141721714172399,0.00019035138569435472,0.10019948013592682,0.0004051422054815256,0.03840680203143278,0.005010495416079206,0.020143120474405276,0.019460912147270228,0.018729090509595377,0.01243969141910805,0.009474380540741513,0.02766537497979261,0.021994766829170835,0.016126175058399566,0.014048570857480852,0.010241131825732714,0.04553364071355504,0.0057942807295574056,0.016280402277123133,0.017065790075049627,0.016908708910896048,0.01028784215715734,0.000882254422202568,0.15121688542667394,0.004265573301796988,0.4375833588000404,0.35809234810205365,0.2639954546437963,0.037378277763264876,1.0,0.156825573881135,0.6932449998287326,0.709899883722392,0.7010771052771144,0.2869188943764718,0.3383652493145943,0.010107395647971898,0.0007993388522601456,0.00021487880671415498,0.00011037046302610613,0.009818748237974469,0.07927494943504734,0.033864469231694415,0.0039606967358699246,0.01739775024356536,0.016752311402006243,0.01611812165685885,0.011410803417508077,0.009072294693167325,0.025129373666106344,0.018488991250008854,0.013790337296454342,0.011477901779135732,0.008972964911087808,0.040676130601204195,0.0058465612870467094,0.013716513494757393,0.014464025006081065,0.01434071678565742,0.009314268584095469,0.0007769594032226209,0.030340726121591492,0.013459964294798222,0.032607018406124476,0.033889287521583336,0.03385465004130382,0.03261149916387278,0.003411238373659235,0.04278776362112853,0.019298055606983444,0.013999850131435681,0.014193340922210865,0.018071200121240444,0.029265962492304006,0.04278776362112846,0.01934236587167463,0.020781239272618348,0.018857044786607484,0.03013923586011742,0.0073687920920217
NSurfPosMhp,0.4476392430605992,0.003400527143066125,0.32710980031180614,0.12096876176202387,0.11280557753124387,0.6975940562082966,0.00043149034055805607,0.0002474758899034275,0.008320324693530227,0.027420934195135627,0.008264588035645512,0.011814621497951153,0.020315715982386195,0.014194011409155721,0.023641539605798855,0.03946803976561776,0.07004810486197544,0.0061288548917859025,0.0030254435377426625,0.04648147613084735,0.00016068283532758373,0.001732726124261776,0.0022193383399060434,0.017735089192760872,0.0002628498617189935,0.03520648624530175,0.702530950606389,0.1135208799670277,0.10916603407640162,0.0054821974184590195,0.06195770570871205,0.020692330188015206,0.021930737605452024,0.022497701991794652,0.31013804938126505,0.08132020165478795,0.059543697358862314,0.0025410842812089076,0.0014407668392950746,0.0011519341543405677,0.027785396868546867,0.007424509780406443,0.5469256210656398,0.03754055557525061,0.036261767809032626,0.03628129246377645,0.3586248241621366,0.05948116482128033,0.18181564997409466,0.05492414306558524,0.06312088314682088,0.05720862191529088,0.03814951807858242,0.4213690694378554,0.156825573881135,1.0,0.08271931324665605,0.07644045630589955,0.07517349915675732,0.948356315429396,0.05010648950696777,0.5915443858809675,0.0052404517978123285,0.005441198654763123,0.005150071103858778,0.5432815395128199,0.01689828758972627,0.0066441692209832865,0.06069525159574833,0.0185750707364804,0.01977469765738483,0.020276684593253082,0.29816057586281564,0.07881991066173281,0.06326071671596877,0.002812826671876202,0.0019869285636051784,0.0014489261250931781,0.029713837748762396,0.007672797277745656,0.5369883587587939,0.035412600699435144,0.034369876447065725,0.03414453931033101,0.35316427917172477,0.055879896160126195,0.003915446026879642,0.03949309741383888,0.005815249655830537,0.005264463099774144,0.005216859254837793,0.0058100810198373695,0.06923022938529216,0.001961301223605121,0.0052912850614539415,0.007982435686755484,0.003463975682149727,0.0022702084680325607,0.006013933169525852,0.0019613012236051304,0.018162304858873157,0.015105690803500337,0.014491936024675902,0.011040734204929703,0.04251555840099428
SurfPosMhpMean,0.011923064831363142,0.013136793847567328,0.004246708514715631,0.02915795633811944,0.027544723949887544,0.0014368351872122613,0.012980429771289562,0.010409012837338536,0.0029009287321339985,0.024060326499066434,0.0010463165587075677,0.002153111593649682,0.0471183899429776,0.003585672022735866,0.0029362683207321567,0.08538350397818334,0.051853113859596726,1.0217152962593078e-06,0.08807245839930057,0.4386161827920558,0.006594907909629607,1.0085508866908954e-05,1.6197703667120063e-05,0.008650399527965908,0.0027033215763843524,0.0002614211286271416,0.0013275961366674908,0.05114329876047741,0.002130209365606361,0.03719842980600033,0.009176709306558558,0.02623377757517901,0.026087801988622646,0.0252997672043768,0.017339971585687255,0.010266205231565705,0.029367571474214527,0.02811331564340586,0.022377009496095435,0.020977049164690453,0.017987898168508883,0.04466317008708084,0.0100818809743838,0.02007135360066779,0.021018340590632664,0.020592027714345137,0.013862373612431384,0.0011455207445181343,0.19917067766537927,0.0007009941665597954,0.3289424739311518,0.23327988197536617,0.182239266585536,0.03653349955459992,0.6932449998287326,0.08271931324665605,1.0,0.9644750992054307,0.9359155408357076,0.20579851909086044,0.6857992522802863,0.010809686514500726,0.004593773971194066,0.005292524146912699,0.005043490021593947,0.011888855166624943,0.00013893377267724184,0.033885788809787154,0.007980600016578352,0.024063527715652736,0.02397403307233263,0.02327896439995157,0.01652989012808356,0.010059467304622328,0.027400714802769344,0.02517627078916645,0.020422971460582164,0.01830864061476627,0.01649402897458462,0.0413010326646815,0.010341561214668326,0.01792199646977091,0.018700305873284827,0.018495810765877613,0.01298275653264245,0.0011246938836398284,0.04241968374179265,0.016265865698781874,0.033374079689642296,0.033716704290613034,0.03367652509629219,0.03337312247735437,0.004360057645342107,0.03913600880233578,0.02612456484766635,0.0196184996581638,0.01922423808956868,0.025637830815672346,0.038277769767379365,0.03913600880233568,0.01957012765862954,0.020559149356301515,0.01886294602784769,0.028315520980060335,0.007013950569155962
SurfPosMhpTrimean,0.022414403897347415,0.014193160191717038,0.0020840342195564653,0.04010470695342334,0.03786895938062067,0.004987605078575071,0.01163041842435171,0.012419991885018088,0.004228600876164892,0.02980831841077182,0.0005077768831844296,0.0016817636436679767,0.0533142008315538,0.0042600098290148216,0.0027355193623056027,0.10593053486555853,0.0658423177006791,2.7224803404491262e-05,0.1162252889524011,0.4305882893378094,0.007827266742805887,3.125357997488485e-06,6.420953344914439e-07,0.010290085882123177,0.002535706467206376,4.7328102830479915e-05,0.00474109375391725,0.05689432983296853,0.0004384690148089319,0.04300272469275719,0.014152341668444774,0.03459169222082798,0.034650602394471756,0.03377802434079313,0.025685791136421346,0.007758963846459665,0.02880844824447608,0.03151505121191175,0.025416255030301534,0.02357341743808295,0.01665135870813258,0.04964943134584143,0.01741580606969895,0.02864429215090379,0.030080769274749338,0.029546061329769294,0.021904121655060806,0.0027971079365295072,0.1376857811015528,0.002749182010526671,0.368776047205671,0.2700080655568476,0.21331684885523217,0.05266607382831022,0.709899883722392,0.07644045630589955,0.9644750992054307,1.0,0.9888754743745722,0.1958349381346889,0.5207530511835721,0.019484566819052092,0.008264907405547292,0.009022328146431072,0.008855219849635765,0.02126193054774243,1.8289046458817154e-05,0.038925537111113545,0.012579733420225616,0.031774675920365855,0.03189807613909914,0.031128574360735826,0.024472666809340855,0.007570678244702838,0.026786155560811587,0.02806387921186861,0.02284219743564371,0.020495140115383607,0.01516998786333418,0.045844425074112904,0.017736440244564715,0.025801043741161038,0.026960939212474576,0.02676406604141728,0.020658039612797007,0.002740853731932081,0.04581862718861017,0.023168321951812614,0.042601652770758426,0.043239869448639924,0.04328326521180042,0.04260083550127624,0.002709017058020892,0.045926976475842624,0.027982524186577828,0.0212312097672113,0.020719861919311154,0.02773116520218923,0.041343578275139715,0.04592697647584264,0.027140636123833616,0.0282004173370443,0.026201979715103477,0.037829329406899426,0.011214236704764641
SurfPosMhpMedian,0.025689007099336712,0.014444775504119912,0.001757945347334034,0.04240757976403178,0.04006887404365921,0.0060318493164079265,0.010447556012298482,0.012678865047344862,0.004481628012903382,0.03199723965374374,0.0005085972658411125,0.0012050404736369856,0.0558433113778884,0.004093317698854867,0.002240439322680771,0.11330145399688003,0.06727437708783005,0.0001879981432463383,0.12871592712219168,0.4189344617746964,0.007620402694303945,1.4856785156189921e-05,4.1769872085933705e-06,0.01130749715516852,0.002326191909717471,6.490290184800797e-07,0.00573916625139183,0.0597276745229479,0.00013414335132842738,0.04386139690215165,0.015419810971076087,0.03632234737190641,0.03643663389567388,0.03556103093985445,0.027764412431495463,0.007060214245076854,0.0285574678119105,0.03124721145383976,0.025111853464704615,0.023240979900428414,0.015822730720013955,0.049759263126883495,0.01919339585135594,0.030878737050684776,0.032441582273503924,0.031868146253145,0.02403229883096896,0.0031296342777292307,0.12285883949247774,0.002984858805087717,0.37836169729327335,0.28066368925775315,0.2238609135919092,0.056693843265341985,0.7010771052771144,0.07517349915675732,0.9359155408357076,0.9888754743745722,1.0,0.1918032584275266,0.46258396116259015,0.021663221095179902,0.010511187828246178,0.011361833783635094,0.011250494167957136,0.023832720642470794,8.630338454668504e-06,0.03968633419305672,0.01377089307831889,0.03341141382046624,0.03358896946204942,0.03281544561858401,0.026465039691927063,0.006900046758040574,0.026565232594378128,0.027862084711329185,0.02261631899866102,0.02025552042876613,0.014391690446415986,0.04594156576385772,0.019535930654260666,0.02791980693952557,0.029173255449919444,0.028981463953940956,0.022714427518800536,0.0030709750556494834,0.04605867817234427,0.024836021827426426,0.044563722583111566,0.04522811339246832,0.045264111264922004,0.04455968455326639,0.002142543263097574,0.047058812347568674,0.027999583893385003,0.02162844854841316,0.020797718143547115,0.027431527375030733,0.04177314310354379,0.04705881234756859,0.029276803082972834,0.030361556187954514,0.028253264382441506,0.04013895565960899,0.012328949628184873
SurfPosMhpSum,0.3262433372890814,0.009393143157258877,0.2661411997822386,0.0632968899618088,0.058435458834842434,0.5317964242606873,0.0014515872574927717,0.00022379088893174825,0.008728163178037261,0.035296178735518484,0.006516908760328648,0.0064685948923016165,0.03500311082508977,0.013379930666022475,0.022515572558668696,0.06991878352680281,0.09141858443111674,0.004599674702377624,1.2571723622018216e-06,0.10589140253173772,2.4426734849812448e-06,0.0008826806591075692,0.0027530761148894284,0.025362108409193746,8.79063413674471e-05,0.03695815294872013,0.5358729911077951,0.11261806178676922,0.0896732406569,0.015624936962107785,0.03552731919107518,0.005805979472148937,0.00647049169077697,0.006861950472702463,0.19823850197678736,0.07589027447838748,0.07768583594549414,0.00984186252727386,0.00702951681918469,0.006197207585137682,0.04248146971012789,0.01952883619469737,0.3860496510922252,0.01660731582924352,0.015688191858916265,0.015796387084673732,0.23892281993560946,0.037588321123931775,0.21501745279845058,0.04181730002603509,0.13397007611575745,0.1182036738405153,0.08493559280043544,0.26810731036341817,0.2869188943764718,0.948356315429396,0.20579851909086044,0.1958349381346889,0.1918032584275266,1.0,0.12534633250703564,0.4229183631563365,0.002009818587725344,0.002087180044239057,0.0019111771375225884,0.38502064740600517,0.014920022902106726,0.01688681925589934,0.03502163548512042,0.005004393662437758,0.005635748711470405,0.005977859717580823,0.19011461890013062,0.07368212346737595,0.08043737115895544,0.009940546263763183,0.0077810478029474665,0.00646140386207908,0.04362485161322092,0.019392025175768664,0.3778840072332533,0.01575494096134717,0.01500784699948826,0.01492351888408314,0.23569782663556166,0.03491661478950742,0.013112467198918162,0.018178488809076007,0.00023252144316474285,0.00015816489360716057,0.00017207044889478438,0.00023166687829071669,0.059238223941464246,0.00892984159427135,0.013025050914656475,0.01569097323473483,0.009068781139781785,0.00891202426704683,0.016252601715452824,0.008929841594271355,0.006124617123436472,0.004518883965004738,0.0043278144146779605,0.002193923083819535,0.022097892006146595
SurfPosMhpStd,0.00448566343635427,0.002839545456691932,0.0068522446735532865,0.0003621616672950401,0.0003768077093400305,0.0049428853531403635,0.012220375438391268,0.002343816292967529,8.972947855360986e-06,0.0008191240897688991,0.000825215903781564,0.0038814376696592787,0.013071812555554835,1.3980564535241204e-07,0.0007118338766110385,0.010156963929857132,0.0008770753001735512,0.00042150875810903607,0.0030002912648782955,0.29692519997937683,0.00012709792703265475,0.0009272197878475301,0.0004750059717139601,0.0005895847418039931,9.517405015931483e-05,0.0008025279812214373,0.004874156382215109,0.00558881224457736,0.015898579828405257,0.004673500715477126,0.0001664577335391131,0.0005396871488175087,0.00047078413567947267,0.0003834044231030041,4.5017155771224756e-06,0.008965355740679215,0.009136790164762683,0.004818054612030869,0.003339582104780005,0.003425579185028915,0.00851665437622887,0.008337120826224361,0.00111587781879715,1.6746681773829532e-05,1.4832019177971233e-05,4.25139331536013e-06,0.00011016571990299826,0.0013088997208418355,0.3604300181173222,0.005408820591985325,0.07620058017008256,0.037503076443335455,0.025165050269837504,0.0002569476695575578,0.3383652493145943,0.05010648950696777,0.6857992522802863,0.5207530511835721,0.46258396116259015,0.12534633250703564,1.0,0.0011641703556447842,0.002967072823393037,0.002263898304523824,0.0027228681207425646,0.0013651928990703007,0.003921625154409692,0.004537009990599064,0.00021709267463623425,0.000520842866900382,0.00045453384202693133,0.0003749991254760757,7.4835386925124945e-06,0.008688968328477865,0.008797692507807346,0.0044254924197948825,0.003367466913013597,0.0029443902864262446,0.007993259800743417,0.007936124296297049,0.0010406365686480065,1.0147962843371081e-05,8.120715869107137e-06,1.5666419224676962e-06,0.00011881789070733859,0.001167202232305192,0.008988394844242823,3.2879232757679016e-06,0.0008691861172752422,0.0007200818378832319,0.0006516323403761755,0.0008693688045493479,0.006487428929192176,0.0028060888521586795,0.005308528516744716,0.0036301548717740362,0.003600856349652901,0.005191941962665867,0.007886030780339056,0.0028060888521586826,1.6189465972139379e-06,2.439603199880629e-05,1.6927789498549795e-08,0.00017115644357519863,0.0003194397550259379
NSurfNegMhp,0.857905881509459,0.0003383511729480445,0.41692498948353035,0.3190306268412964,0.29524143409561876,0.9874670420463195,7.640887461403746e-05,0.018981514856190207,0.0005565533196423364,0.00026586336361737056,0.020683347800935194,0.02061798276199652,0.00435167221304275,0.0028386359641793973,0.014091949795268708,0.01513896370862905,0.004447953402535285,0.0004752925510638252,0.08668235682671728,0.007051679233475287,0.000882618458042672,0.0004267903177135341,0.0005835970544911222,2.1615886329170362e-05,3.727475825864346e-05,0.0031240934614790226,0.986498377445788,0.04737771670561463,0.14642613809550342,0.006710468072727002,0.1652292135546842,0.10638617339543159,0.10935367345237298,0.10992056104685878,0.5761479355483131,0.09495000712593761,0.02003778726026021,0.004247620090601231,0.004655499687878671,0.004247658384874342,0.01066919975571885,0.00332327192869041,0.8681714042338485,0.1418828828628563,0.14110703686177564,0.1413782051490901,0.6386993592662782,0.13054437821107065,0.10529369868908094,0.11293143617824733,0.11009810642296079,0.10825200487020223,0.12128037701430093,0.9661005573350688,0.010107395647971898,0.5915443858809675,0.010809686514500726,0.019484566819052092,0.021663221095179902,0.4229183631563365,0.0011641703556447842,1.0,0.1347317418680135,0.13566572078367242,0.13571821400344242,0.9917051425811335,0.05288612234137031,0.00399163822797019,0.15705916819790597,0.09508926752174279,0.09791295858684818,0.09838181337498025,0.5474359282204776,0.09158440014504511,0.025000595579444052,0.002897586193822391,0.002680749485115581,0.0027901172792391695,0.014056188831087413,0.0023308351858123636,0.853403088146606,0.13022727877234214,0.12988995278844215,0.12971123934026924,0.6202613238088083,0.1222299619012379,0.0032780815998289265,0.1491917700875883,0.06879625309275228,0.06734033548874947,0.06701387698933114,0.06877274506090267,0.11819968025170192,0.01133150322675069,0.00017954330792374068,9.662250609120944e-06,0.00017590834357975016,0.00241148336341637,0.0010035826614603663,0.011331503226750694,0.1044608322591073,0.09631459999893703,0.09303359690802775,0.08798057873833982,0.13944815486735848
SurfNegMhpMean,0.18669538386210532,0.008123202540759917,0.048436622954050275,0.0796825456587096,0.07574450003732311,0.10953327832844673,0.0638068944238424,0.003527692048571769,0.025361889878020707,0.09861302392346719,0.03080998516581468,4.25262173730682e-05,0.06616369242499949,0.00012099444259808264,0.06570555002811632,0.03985363174578408,0.06394884552266564,0.2343550312842786,0.06020737525996255,0.01909571929895511,0.0158614787323817,0.0068431287266221205,0.008010961788742072,0.003040264071669537,0.01679818327241561,0.04651886786440948,0.10654085136461358,0.0031367064888206952,0.014100365731908166,0.006097527735966312,0.07348636874171685,0.05458836100038808,0.05636948999657683,0.05675170362061356,0.0832265064575811,0.04724183424279128,0.00043104746142837624,0.0038969266440657415,0.0051531504626239994,0.004397891967116462,0.0008076724792183279,0.0014401878937901963,0.1097971188321781,0.0665875913631777,0.06629299868137299,0.06748007826219733,0.08669531436223647,0.0657063714135904,0.01430563102303926,0.13660778935270967,0.4910574946440746,0.5369430131340069,0.6412675654175951,0.21791916000493888,0.0007993388522601456,0.0052404517978123285,0.004593773971194066,0.008264907405547292,0.010511187828246178,0.002009818587725344,0.002967072823393037,0.1347317418680135,1.0,0.9828115938974271,0.9745670034608986,0.18874771763955056,0.4764300670573906,0.0048508467274756195,0.07127747264762539,0.05179235788613817,0.05361513181635568,0.05402470323061993,0.07952224336408704,0.04606214543008279,0.00019861002392052043,0.0035801134494816127,0.0038926796525605885,0.003930828730078297,0.00045501519736618516,0.0012427135544095674,0.10867711020691577,0.06441565035348604,0.06463818374857783,0.06531599723259282,0.08406646546776031,0.06303571540447225,0.0017200210768657828,0.08487755156265313,0.03919556579872839,0.03858884177780388,0.03868444587656651,0.03921019838451408,0.07612649838242391,0.0065853834801726146,4.260313232740596e-05,1.4276129758857363e-05,7.317471899707856e-06,0.002858306214556831,0.00034080472053810504,0.006585383480172606,0.06497637328222809,0.060934917365090914,0.060392901679326996,0.047950634778945796,0.08332830623236878
SurfNegMhpTrimean,0.18618401953777977,0.009992748848659746,0.04773614476946217,0.0861660874125305,0.08241413813425821,0.11034869686634911,0.0649046124925926,0.004818451351239109,0.027435652984853374,0.10824245343457434,0.03157487672346593,3.433031745101522e-05,0.07400768074728183,0.00014633670626940405,0.07341811993694877,0.036188460256331,0.065378345860193,0.2374607363537166,0.060392810683193625,0.019814306488075313,0.01896883236276045,0.008895918163073368,0.0106797069604069,0.003088874845504663,0.014517853193656017,0.04432832197668136,0.10741320166708862,0.002907936042222807,0.013679272455884503,0.00824346114931478,0.07558369193487327,0.060450519328936664,0.0624905866259633,0.06299133487421205,0.08836077173872389,0.04570191061160107,0.0007253824862047327,0.005019893182504437,0.006297430212528517,0.005371492198105164,0.0010462222680176093,0.002379471127516904,0.11222315072032374,0.07321745434755783,0.07324525016218134,0.07454129295435162,0.09178823864686209,0.0669541432543262,0.012194049980549659,0.11701387132155275,0.48759099407045514,0.5388308059727649,0.6480717218897905,0.2187271513086566,0.00021487880671415498,0.005441198654763123,0.005292524146912699,0.009022328146431072,0.011361833783635094,0.002087180044239057,0.002263898304523824,0.13566572078367242,0.9828115938974271,1.0,0.9902557991777642,0.18954554141204652,0.41280074562783464,0.006864113685295027,0.07367651306101955,0.057801819585510776,0.05989224345266714,0.060426685830985226,0.08481998451050905,0.04454505236725726,0.00043664886049585267,0.004688902177941274,0.004943493180197065,0.004882022616722544,0.0006558352293188,0.0021417434527098047,0.1113452248862678,0.07122803464713603,0.071732703915593,0.07258191575491907,0.08933770973947042,0.06453392741378676,0.002624816858440336,0.08979883317965538,0.043096287582596676,0.04254714025654771,0.04262267262223966,0.04311437282979468,0.07477654133433664,0.007924391291037737,0.00017463184035714624,0.00013217666602719446,6.824139300264815e-05,0.0034854791988692163,0.0008125193651358459,0.007924391291037731,0.06932947689380392,0.06521618154309042,0.06436056023815602,0.05230954339161316,0.0847279725838874
SurfNegMhpMedian,0.1876301753398975,0.011636336155446472,0.045314782199885044,0.08951392644089282,0.0857522476820987,0.11017871065512319,0.06426154216870036,0.005329112751681399,0.026182819319139464,0.1099105122437538,0.030615160682864743,3.360524220246201e-05,0.07697085827765558,4.8444212135666244e-05,0.0708890908225512,0.03614796083779632,0.06710169371164838,0.23294483546903202,0.06076518719591641,0.020427970519962455,0.017843198906774854,0.009116904973312585,0.010985000660948737,0.003164056459102658,0.012650650491858095,0.04704049485392122,0.10721474567484121,0.0025711389701731386,0.014015545985209564,0.010141004924998281,0.07861699349569404,0.06424903012844416,0.06626879877973814,0.06677431331661188,0.09048490157193766,0.04397008205133245,0.0010859689991809403,0.006619099999224281,0.00817226191641465,0.007064592029092888,0.0015492987949889605,0.0033310275073407626,0.11353627421563804,0.07636725551144881,0.07625350927768865,0.07772450781434222,0.09343662886581126,0.06883154544564876,0.012966911435243155,0.11832085328068072,0.4886796454187539,0.5409209218942469,0.6513947124830441,0.21880295429221336,0.00011037046302610613,0.005150071103858778,0.005043490021593947,0.008855219849635765,0.011250494167957136,0.0019111771375225884,0.0027228681207425646,0.13571821400344242,0.9745670034608986,0.9902557991777642,1.0,0.1893602266125657,0.40245631596422604,0.0085972867587314,0.07666740963856118,0.061556332019845256,0.06363395324455264,0.06417541897448481,0.08697376686023853,0.04280558817669758,0.0007215192414407447,0.00622713034297892,0.006559318321763843,0.006499680125159063,0.0010680350785992317,0.003077892914761026,0.11271968980177664,0.07434849844826184,0.07483002098562537,0.07575056631913073,0.09097926496126581,0.06646755545227769,0.003559444633839033,0.09333196903225946,0.04647058485767782,0.04582713000519978,0.04573863960192861,0.046484871496071466,0.0739841223797925,0.009164466116479163,0.0005094624372438072,0.00041609466545561806,0.0003034567541770663,0.004572702824853087,0.0012282227229642314,0.00916446611647914,0.07256744487520735,0.06804558095298971,0.06703064367405352,0.055488226851465206,0.08763405910758333
SurfNegMhpSum,0.8767936734350346,0.0005872480100975711,0.40973880766317083,0.32644174391408637,0.30219536665984364,0.9703475443496261,0.00012025597494677629,0.01690623406752774,6.807244563591662e-05,0.0018108198647448037,0.023353041609854682,0.017691912964036233,0.0075668755434908416,0.002675353967375815,0.017556540186146812,0.018206253996236647,0.007398414711450335,0.0037708568495325974,0.0916078433076564,0.008668874242274574,0.00016083042071586868,0.00013947424060229175,0.0009433435038770295,0.0001585666221543954,0.00032140320909662196,0.005041213582850935,0.9679681844960865,0.045631133077309635,0.14141048370325388,0.007811176546582376,0.17377249654366222,0.1135071422485037,0.1167532956986793,0.11742415097055149,0.5734836042906439,0.09955903169378585,0.018181581134881133,0.004574002862974146,0.00501935390578625,0.004542409225354537,0.00992980270852784,0.003563560599068593,0.8556000664455378,0.15117602374765496,0.15048477050178988,0.15090163291924055,0.6349994743817102,0.1364071663458472,0.10446673630307275,0.12202516093240096,0.14344914724039895,0.14275527900707344,0.1614532564693573,0.9844280087081514,0.009818748237974469,0.5432815395128199,0.011888855166624943,0.02126193054774243,0.023832720642470794,0.38502064740600517,0.0013651928990703007,0.9917051425811335,0.18874771763955056,0.18954554141204652,0.1893602266125657,1.0,0.07594209344576831,0.004816133809266557,0.16519868576945987,0.10172716487765963,0.10482012203977618,0.10538308975840979,0.5443960564207057,0.09598216910970425,0.022946917339547665,0.0031884656329990617,0.0029430887766198634,0.003051666313507168,0.013272558725711424,0.002550054648513831,0.8411152393671303,0.13907438203641048,0.1388471508323014,0.13878553831217202,0.6160873735518639,0.1278101396691759,0.003559104159209613,0.16064344828742752,0.07436594793481154,0.0728996195817897,0.07259292489537732,0.07434126853646572,0.1272126887906694,0.012289021739645816,0.00016557946302311674,9.46763530087113e-06,0.00014436191203553178,0.0025696727018077407,0.0010348916924227162,0.012289021739645824,0.1138384473573334,0.10523849849003228,0.10176381935404077,0.09517278765192899,0.14895731645489
SurfNegMhpStd,0.09835480332251394,0.003863442315258073,0.013134888741010901,0.029239680017843207,0.026798665311358598,0.05004439080392864,0.00506912570561705,0.040260480997917805,0.01380906482805715,0.019555313121263636,0.01203214505500091,0.005640201598878703,0.001901375944939466,0.0034172501439916265,0.012672704455110763,0.0015559094774090544,0.00741710514342315,0.14246327818339377,0.014405204181840842,0.0005014637525212474,0.006954715143263289,0.0016814486941181751,0.0022389616043843813,0.0010445305557750075,0.028077511422964756,0.012825397442025235,0.0483510038278114,0.010712637323436993,0.006665224795939828,0.001845859280894442,0.04020902390292778,0.022697910423041746,0.023527703460288374,0.02353939745160079,0.030129578121253078,0.00873239301387408,0.0007079911596909958,0.0036061156949927587,0.005193900334477483,0.005126026541882727,0.001194077626341141,0.0006769788643539094,0.05195886316326499,0.021912663579312954,0.021705990580828786,0.02188169076683553,0.030540620713535128,0.020141116908789766,0.014563787542431528,0.2222929712505293,0.1311092152606474,0.11914828121994626,0.15750775923312474,0.07907050133309174,0.07927494943504734,0.01689828758972627,0.00013893377267724184,1.8289046458817154e-05,8.630338454668504e-06,0.014920022902106726,0.003921625154409692,0.05288612234137031,0.4764300670573906,0.41280074562783464,0.40245631596422604,0.07594209344576831,1.0,0.0012665192143646493,0.037178637381040124,0.02057051480214883,0.021457545035434976,0.021465842163367478,0.028233443114254467,0.00786766062448036,0.00045597960188087334,0.0033583184401026287,0.004066142148270707,0.0046357653958120325,0.0008965894273794796,0.0005333187002235675,0.051434951753942845,0.019604859684950994,0.01950365166580163,0.019547165126239583,0.028938422166504545,0.018331380047301293,0.0038683519340988216,0.02812120173958531,0.015579839183858302,0.015256613659289198,0.01579909484443451,0.015599737943856967,0.017034919714842337,0.004983320640891822,0.001946486712253803,0.0015239780661459468,0.00148656347178817,0.0038852322676870593,0.00269906373411061,0.004983320640891804,0.02194114580577897,0.020228384054015107,0.0208835887836055,0.016745444393807228,0.023017419087350038
SurfEpMaxAverage,0.018542525343265056,0.5826930521472606,0.0361248508475945,0.5510021348510573,0.5658223754265833,0.0017101638851105354,0.004022137145224632,0.07315857380835389,0.0005290514722244564,0.17357672970173435,0.002183860470535817,0.0033472960856542762,0.1443648665268763,0.007049334941122023,0.005731495496106577,0.015183661339897143,0.011048614973043132,0.08767052204904838,0.00460699688526168,0.009528305008614117,0.00068735796001158,0.001930906877373193,0.001816473549261857,0.001482330463610391,0.0040753788702083136,0.012857821551183118,0.00152857866581815,0.05956392177270577,0.0010434832200179383,0.9969469998544195,0.4135175717980252,0.7380505409847804,0.7187731336139221,0.7080085894333732,0.2774587418468542,0.07005688691987344,0.49999365218360897,0.7846257894341266,0.7247794809793778,0.6994991488025054,0.38496098291905223,0.90361814728303,0.09208597909131233,0.5661466885997618,0.5644584000223439,0.5610130286837925,0.21107185978287601,0.17261572163160777,0.0014660682814167409,0.0007826834395856522,0.03852605878891533,0.03825529396998321,0.03517886636096352,0.009290362965593673,0.033864469231694415,0.0066441692209832865,0.033885788809787154,0.038925537111113545,0.03968633419305672,0.01688681925589934,0.004537009990599064,0.00399163822797019,0.0048508467274756195,0.006864113685295027,0.0085972867587314,0.004816133809266557,0.0012665192143646493,1.0,0.4151152257438894,0.7446686883526631,0.725531595222942,0.7148587644896708,0.2912546599270446,0.07513971416453265,0.5090721640307201,0.790865391490108,0.7324318916359138,0.7067475213881588,0.39509125351233043,0.9114087519151185,0.10294634610986894,0.5599544096896715,0.5596811684297127,0.5558613481816815,0.21578660052073753,0.18462503265686095,0.8089598645973923,0.4523047536058087,0.7524117216973422,0.7339625976069707,0.7131674662244735,0.7523325296670913,0.008130837720154783,0.6555688576891991,0.7087425833168354,0.6755858596736798,0.642493003874192,0.5382971274781002,0.7182252568305514,0.6555688576891997,0.544670012472039,0.5367730531013691,0.527178686222052,0.6512999704214382,0.27024337226726874
SurfEpMinAverage,0.17170503559296613,0.38474752809180324,0.1063407627930078,0.7275548769826866,0.7319884657201211,0.14781720655266867,0.0016830012895022854,0.028356969793206354,0.0011155260043590246,0.1305500168597293,0.0019078000499791043,0.0012431779148629784,0.14961882475970037,0.0009036362167283726,4.120164355940754e-05,0.015398432256398122,0.006712691430290158,0.021281593078846767,0.016525685176815654,0.0008359377894264525,0.0002845985730073254,0.00260593862616039,0.0010166816852541286,6.2268725143600395e-06,0.00018557670781973334,0.008282987556157879,0.1466865486319355,0.004741566629717958,0.02109180400676406,0.4207825792883722,0.9964031245222469,0.7848966728234128,0.7755471279227175,0.7727204410056496,0.5252330017702432,0.21056094045481258,0.21304143069121856,0.27229201789196156,0.2459585836586457,0.2382503004223069,0.1493019151496655,0.3050725021967471,0.3054652971162509,0.8097994644670834,0.7910928242051262,0.7859510373214166,0.4849207972303983,0.7392400939301379,0.01663943469800377,0.036502190251292074,0.06220022390746976,0.06501436641269827,0.0725506406874522,0.1710832510159982,0.0039606967358699246,0.06069525159574833,0.007980600016578352,0.012579733420225616,0.01377089307831889,0.03502163548512042,0.00021709267463623425,0.15705916819790597,0.07127747264762539,0.07367651306101955,0.07666740963856118,0.16519868576945987,0.037178637381040124,0.4151152257438894,1.0,0.7827770829886559,0.7735305305769083,0.7704520673558016,0.5346997185652663,0.20101423460696852,0.21632606993710354,0.2732407582351256,0.2471363326667839,0.23835614137736227,0.15098502617411258,0.30388734165605985,0.3185575440041177,0.8082330002713882,0.7900064653928373,0.7843792292613592,0.4908410714844151,0.7449206188804794,0.33580780575236385,0.7938332700237988,0.7025579848011789,0.6876604800075886,0.6795010858952757,0.7024907450327657,0.2688179880267435,0.357616658907178,0.23397324741707326,0.22047146240766735,0.2122475262136072,0.2325053540044494,0.24870601939296447,0.3576166589071781,0.7637091844349574,0.7367352820570993,0.7203112834685846,0.7206668213034914,0.7233939298603744
SurfEpMeanAverage,0.12243276838276639,0.5973167110190026,0.01978598352174927,0.8630962848577419,0.8757587698107487,0.08408153640092796,3.2447939290494515e-05,0.0680800987839523,0.00044395812820862676,0.2059611584490456,5.9246481040561634e-05,0.0019085156926571185,0.21653922944944434,4.462901920129966e-05,0.000857191316479254,0.019836913079023886,0.010849051468455707,0.05272428532271874,0.01739597776639379,0.006671967044738894,9.72426544927086e-05,0.004277421362082243,8.397347025325391e-07,0.0002774490892517741,0.0019146287585851446,0.011250971015048235,0.08290695562726431,0.0055194183335167,0.006519612176118989,0.748726740743338,0.7790499022175675,0.9971076857927963,0.9944721342518823,0.9906929116141046,0.5561534178146127,0.02438154407455612,0.40137893582650075,0.5527171440960903,0.5104869335371666,0.4951267740111887,0.3022741930915995,0.6020189899533097,0.2732753587374564,0.915371371800881,0.9167473844180817,0.9112767521939529,0.4839143103615222,0.5194391649032322,0.004502691117520929,0.017215580546494295,0.07266697718833894,0.07561302626439168,0.07977474802088899,0.1133596259345261,0.01739775024356536,0.0185750707364804,0.024063527715652736,0.031774675920365855,0.03341141382046624,0.005004393662437758,0.000520842866900382,0.09508926752174279,0.05179235788613817,0.057801819585510776,0.061556332019845256,0.10172716487765963,0.02057051480214883,0.7446686883526631,0.7827770829886559,1.0,0.9975811078946544,0.993877066882357,0.5723970147445359,0.021023181612538897,0.4074529077810128,0.5574549544493446,0.516285676943682,0.4991131438340451,0.3070700394087093,0.6037424234975003,0.28989318512998813,0.9116875280763865,0.9108989201802141,0.9082314645823941,0.4920913806413361,0.5308508064574914,0.6356094704306063,0.7902049686206577,0.917651121622284,0.9046622858742596,0.8929894963144722,0.9176818195212849,0.0819000773661098,0.5931389954227471,0.4938937577060356,0.4688595957253232,0.44797657733926377,0.4471084735147897,0.5110114651107183,0.5931389954227473,0.8440197704446182,0.8282649699379283,0.8104614858851913,0.8732243006231445,0.6127915847339979
SurfEpTrimeanAverage,0.1262124380132799,0.5918592555159401,0.021731626373546024,0.8624065395279954,0.8747041055867982,0.08682202208638984,3.5526487781806194e-06,0.067573992702333,0.0005234532558913059,0.2054668478734057,6.989232289206816e-05,0.0017000053081789742,0.21518749647742924,4.597873471270393e-05,0.0007627852442791593,0.019940210051903398,0.010187936041208477,0.05071265329209915,0.01822665681173897,0.006821667969637967,9.45379094951831e-05,0.004481420086718039,3.955793286896477e-06,0.0002460855405993757,0.00198580390171343,0.010675348073193529,0.08561591081479819,0.005178395543468265,0.007084039219757408,0.7296447264782518,0.7705176601658058,0.9949853622425171,0.9970758017367239,0.9956958340176747,0.5582863991369589,0.026121878886692033,0.39585594995906725,0.5356756137124756,0.49452709957830565,0.47962730297771233,0.2974149227578741,0.581321169542883,0.27642100592723856,0.9153688140353556,0.9199984076738351,0.9164025205811847,0.4868232074644746,0.5111248956066102,0.0046440044797298515,0.017637072052599508,0.07294123665636627,0.07590664083500716,0.08053893712960437,0.11645167210409127,0.016752311402006243,0.01977469765738483,0.02397403307233263,0.03189807613909914,0.03358896946204942,0.005635748711470405,0.00045453384202693133,0.09791295858684818,0.05361513181635568,0.05989224345266714,0.06363395324455264,0.10482012203977618,0.021457545035434976,0.725531595222942,0.7735305305769083,0.9975811078946544,1.0,0.9987376616272178,0.5743143571605108,0.022518488682695435,0.40196037425245423,0.5403779945062072,0.5001993950699316,0.4834670786569432,0.30210729075594905,0.5825963472559789,0.29306883699902697,0.9113066001484639,0.9138275408133785,0.9130745023782606,0.49491216468661475,0.5212570045756035,0.6220104706768171,0.7858826962047681,0.9099797574132649,0.8992976830729033,0.8899028723935708,0.9100287653682758,0.08577540176175659,0.5859888393855923,0.47900232511844654,0.4542261053690389,0.43422549470409405,0.44171660370511656,0.4973075035659573,0.5859888393855922,0.84018939455883,0.8253924944515247,0.8078533335622751,0.8666509902642994,0.6099935439964346
SurfEpMedianAverage,0.1272060053877628,0.5859847394698433,0.02272198026768088,0.8597901172110639,0.8718730425287845,0.08739724597645575,2.268062400471439e-06,0.0661185144474801,0.0005977130694395959,0.20413052795583325,5.550457477351693e-05,0.001647852580263468,0.2140448340696512,2.970740762510777e-05,0.0007178252752100254,0.01985716437930045,0.009569962014219526,0.050165975804251896,0.018505707183572376,0.006644632569454362,6.630553589542956e-05,0.004672678272805854,1.3188139973069664e-05,0.00023149579460676436,0.001966446476080269,0.010241710131177069,0.0861792504544312,0.004917904948305003,0.0075632343116209776,0.7189902011095272,0.7677842549714489,0.9914709205667386,0.9959504900026441,0.9970501939524771,0.5575122793331592,0.027974660694913372,0.3921423592060381,0.5249441937721361,0.48409764257325155,0.46924126705393326,0.29336786179599705,0.5698398433423728,0.27627056864248634,0.9143121989175178,0.9205147483697496,0.9185912968850586,0.48678980354096757,0.5082404444716458,0.004922485555907024,0.017591468694038742,0.07213638793439854,0.07519970742890769,0.08011786369847876,0.11685467166221848,0.01611812165685885,0.020276684593253082,0.02327896439995157,0.031128574360735826,0.03281544561858401,0.005977859717580823,0.0003749991254760757,0.09838181337498025,0.05402470323061993,0.060426685830985226,0.06417541897448481,0.10538308975840979,0.021465842163367478,0.7148587644896708,0.7704520673558016,0.993877066882357,0.9987376616272178,1.0,0.5733903124439713,0.02418420539152825,0.3984101554601426,0.5295902978641639,0.48963173030399365,0.47287865824067576,0.298111274163655,0.570892341974827,0.2929160943570159,0.9100414596146692,0.9142253396882757,0.9150998451598298,0.494808793574657,0.5177692618302605,0.6134678765742125,0.7837784209944573,0.9047022515417162,0.8951605936902071,0.8868772957616023,0.904761996419839,0.08891691268148495,0.5808214248429175,0.46925175325699076,0.4447356752166571,0.4248116123507808,0.43636614038318844,0.4889274162099212,0.5808214248429188,0.8380668937952798,0.8236944920508003,0.8063707325097009,0.862829790196912,0.6090444082004306
SurfEpSumAverage,0.49314342570521874,0.1799633856802039,0.2094300229341393,0.859635482918134,0.8512176746355917,0.5350897934293429,9.068349559500613e-05,0.0028005613984934496,0.0018081125736087373,0.05167648471168458,0.006805749863987165,0.00935611168351466,0.09085454958020853,0.00395819781632309,0.003429982692114161,0.017341369777671152,0.005489704961103409,0.015077566942114597,0.036418004052352904,0.004960714526678356,2.3375496509591974e-06,0.0006630744439377268,0.00032259027407667074,3.024852397023512e-05,5.069118032683857e-05,0.002263719128869085,0.5339102496358678,0.006935953316263419,0.04804722333822082,0.30199265293960226,0.5368938624939903,0.5825918777552035,0.5845299368674651,0.583650920628316,0.9981515544821519,0.07109890623239797,0.1455641155714192,0.18634855028852748,0.17054337834812294,0.16301322840641427,0.10568688679394515,0.21809338387360702,0.7522891308563061,0.6194675802050819,0.6169441043228341,0.6154196679080712,0.9771580212882963,0.3615761330162887,0.046926121306599386,0.0512829295575279,0.07847836104262858,0.0797397311956783,0.08776561062397414,0.5410106326864537,0.011410803417508077,0.29816057586281564,0.01652989012808356,0.024472666809340855,0.026465039691927063,0.19011461890013062,7.4835386925124945e-06,0.5474359282204776,0.07952224336408704,0.08481998451050905,0.08697376686023853,0.5443960564207057,0.028233443114254467,0.2912546599270446,0.5346997185652663,0.5723970147445359,0.5743143571605108,0.5733903124439713,1.0,0.06660133495600808,0.14541621746640557,0.18615821739214583,0.1686839623162058,0.16168969930914412,0.1075062894045961,0.2173892514426041,0.7681256744675873,0.6080716403764839,0.6067397577502824,0.6042649098931169,0.978905868685073,0.3639048206105448,0.25188987917275774,0.5412095500986452,0.4937885488001726,0.48384998077833713,0.4755824209723678,0.4937457781313081,0.12521153218733466,0.22784983081202884,0.1600529071214739,0.16125182545201802,0.14215014150314223,0.1428312221109082,0.19099831575250573,0.22784983081202867,0.5228411345419709,0.5045663748964745,0.4913345148381153,0.5179966102190965,0.4237194407090644
SurfEpStdAverage,0.04838236567451366,0.002049840491417086,0.43952645371813404,0.04292026723443462,0.042169447882534135,0.0948986227168644,0.02525172503834049,0.015929781771558314,0.010732212113181388,0.002580389501476544,0.00866344819226665,0.002683926457880966,0.02952236305981796,0.02766773485208214,0.006013029081139553,0.0018227337885653948,0.0001484138653155134,0.014007889886820519,4.2802481587166345e-06,0.002996647510147465,0.012488026887689746,0.0024055174927037825,0.016560091475459317,0.00029681859589593504,0.005071781311261445,0.0007620805751687307,0.095669274010581,0.11759318222678669,0.02573265304124204,0.07425677690229922,0.19349614818278496,0.020997166117887257,0.022616089827612276,0.024375430202699035,0.06745846276341087,0.9978343128620326,0.04163190079906245,0.13484784193046992,0.1352146571584512,0.13737204378533324,0.04896122808222614,0.1389480020542666,0.05319843120941456,0.09337396635856815,0.08687577371323621,0.08534626424996605,0.08941923434077796,0.4696093627146832,0.025390655329600574,0.009158601774362025,0.006496674927349092,0.009581402467676348,0.015053125319266053,0.08689779087106582,0.009072294693167325,0.07881991066173281,0.010059467304622328,0.007570678244702838,0.006900046758040574,0.07368212346737595,0.008688968328477865,0.09158440014504511,0.04606214543008279,0.04454505236725726,0.04280558817669758,0.09598216910970425,0.00786766062448036,0.07513971416453265,0.20101423460696852,0.021023181612538897,0.022518488682695435,0.02418420539152825,0.06660133495600808,1.0,0.04089346700817065,0.13604223152872152,0.13909494437922268,0.1397709472326632,0.05051132285405543,0.1422328716269753,0.0518229241289138,0.10073729956196954,0.09292246837464342,0.09172626662588948,0.09174639095780275,0.4581388548875516,0.09491027208368544,0.1522953052181557,0.005849351427258276,0.005656381091847336,0.006197841610678259,0.005851458758513694,0.6966194524508442,0.03201551071358559,0.1411193097464497,0.14142908349130004,0.13045855755275929,0.06088203092465071,0.1284523290962491,0.03201551071358564,0.08560464014744804,0.0754643849048319,0.07454297490627407,0.027570955463101527,0.27854733996718084
NSurfPosEpAverage,0.0067541198448659865,0.5606640617710865,0.060828449031962335,0.2956577450150478,0.3108233518586788,0.03189810346545923,0.004200074514356514,0.062227697967725565,0.0008799689765519331,0.11131180744699945,0.002261237758889355,0.0032141930488051858,0.09701509192646632,0.0043171983677313735,0.009247230317121952,0.013139718429398093,0.009629681036313375,0.02197490515378368,3.174872429484272e-05,0.008401818114636214,0.0001424539216134629,0.0016272402220489368,0.0004164270841958309,0.004846017911860002,0.004954354620834847,0.006203086939211728,0.03263921496735615,0.047578262087938084,0.011807090974649501,0.5026700889839713,0.21292348728544594,0.3993251564829784,0.3937178196662373,0.3901769759162931,0.1319966945164438,0.03861560968564041,0.9932940214155083,0.47734539958894323,0.443271949007574,0.4321135353629508,0.7334257339293904,0.5086147319618424,0.037414423819433044,0.22918677086134087,0.23075634049652452,0.23365210476791098,0.06654596555513898,0.14887291977167513,0.011100868667320367,0.0033699728645536875,0.022649379798519848,0.023568437614295452,0.019836669670292933,0.014429969197632142,0.025129373666106344,0.06326071671596877,0.027400714802769344,0.026786155560811587,0.026565232594378128,0.08043737115895544,0.008797692507807346,0.025000595579444052,0.00019861002392052043,0.00043664886049585267,0.0007215192414407447,0.022946917339547665,0.00045597960188087334,0.5090721640307201,0.21632606993710354,0.4074529077810128,0.40196037425245423,0.3984101554601426,0.14541621746640557,0.04089346700817065,1.0,0.4914072465191763,0.4606369187898015,0.4471701304904294,0.768279449976867,0.5071217327063917,0.04633839534822696,0.2238681304241257,0.22740396941608393,0.2280995650989674,0.068518665358235,0.15982055675789872,0.4574196378578675,0.22887280778257893,0.4005363124835696,0.3934420443183552,0.3871009830088301,0.4005073840169999,0.005181779936826827,0.5977111201340509,0.4383907844495208,0.41183328808312436,0.40353963360129164,0.5194809316989576,0.45106848856287857,0.5977111201340514,0.21828962091620524,0.21477790800639898,0.21143658356241601,0.2833944673944208,0.19422652057720557
SurfEpPosMeanAverage,0.014928411591735982,0.6573327400540082,0.048238141981454506,0.39341510874840635,0.40342549502670666,0.0014542361518139503,0.0061664875850966075,0.09210397301462893,0.001168282476087349,0.12773201867530823,0.004116674418251251,0.006544525770162581,0.0952193610689668,0.0061440080563016095,0.0028829601749275026,0.0031777438769778673,0.003492909879405916,0.07872393629080121,0.00571654319466648,0.010212820129013919,0.005276782979609697,0.0004914453860525099,0.0036579183664487702,0.0021448234504473913,0.006935426611463855,0.00951274905250013,0.0013173176789853264,0.06646161541071392,0.00015927061266687173,0.7911436127871045,0.2729313290899767,0.553651993254828,0.536572920106066,0.5257145181902361,0.17739583776988135,0.13053446567429583,0.5045958241305903,0.9958929412097561,0.9891246774267294,0.9795890777959527,0.588426813471457,0.8670663471844268,0.09068548544609062,0.30441404402276756,0.3036164909414318,0.3013837897344388,0.10896234580253988,0.14595411679624146,0.00010318766364313086,0.00114089391541253,0.024095576765914416,0.024175036060106812,0.022426555697035253,0.006000946500364185,0.018488991250008854,0.002812826671876202,0.02517627078916645,0.02806387921186861,0.027862084711329185,0.009940546263763183,0.0044254924197948825,0.002897586193822391,0.0035801134494816127,0.004688902177941274,0.00622713034297892,0.0031884656329990617,0.0033583184401026287,0.790865391490108,0.2732407582351256,0.5574549544493446,0.5403779945062072,0.5295902978641639,0.18615821739214583,0.13604223152872152,0.4914072465191763,1.0,0.9928616747783785,0.9834065910295419,0.5826026059117826,0.8694427421632533,0.09756986467245214,0.2972880669237364,0.29660778627818035,0.2944844296254928,0.10975276724343386,0.1537492881564201,0.6901125109121767,0.29148593010937773,0.551707775622171,0.5330160958626955,0.5139371501062597,0.5516724903363406,0.035207036803988324,0.649798205674367,0.7828192818787404,0.7713395055563498,0.7438265695043076,0.7936020874619234,0.6692170205402602,0.6497982056743679,0.29347328959996255,0.2887254626038562,0.28482246209524736,0.37343608800658445,0.20257940546160644
SurfEpPosTrimeanAverage,0.014003802769608723,0.6430100379913961,0.047391475148888335,0.36107283069359136,0.3702311364646788,0.001425583000514905,0.005883304121400754,0.09325520018702646,0.0013015899551288219,0.11808808369151086,0.004871033942496038,0.007633119387722917,0.08494407341901188,0.004917949649016977,0.0021059337920020576,0.0017673260114932385,0.0021685440936086015,0.07458534600889069,0.0057980809828228255,0.00967081006846717,0.006101167729617609,0.00043968717324372174,0.0037798536377493543,0.0018200678877566036,0.0067863206505855336,0.009024671096932268,0.0012989625555354372,0.061963427022396114,0.0002778207298196171,0.7329386898988501,0.24665063419498934,0.5126878355412195,0.49664349698098287,0.4860415152536866,0.16074170517975,0.13383152007265714,0.4769284341489611,0.9879364895240662,0.9948797573449787,0.9923396381372753,0.5953920522355185,0.8133811353398979,0.0868621303983723,0.26540175471782873,0.26373267540042145,0.2623122575626495,0.09489835499272685,0.1360198214671539,5.341137930638228e-06,0.0011774861450010998,0.020520662750465678,0.020839263247912465,0.019750540094116534,0.005371628523065081,0.013790337296454342,0.0019869285636051784,0.020422971460582164,0.02284219743564371,0.02261631899866102,0.0077810478029474665,0.003367466913013597,0.002680749485115581,0.0038926796525605885,0.004943493180197065,0.006559318321763843,0.0029430887766198634,0.004066142148270707,0.7324318916359138,0.2471363326667839,0.516285676943682,0.5001993950699316,0.48963173030399365,0.1686839623162058,0.13909494437922268,0.4606369187898015,0.9928616747783785,1.0,0.9972893322051988,0.5863681164887364,0.8166775069955129,0.09276218909907734,0.25902620323424413,0.25795483445790107,0.2560416742062837,0.0953871568393007,0.1427699322925819,0.6498483798987037,0.25920874155982193,0.5069373801122812,0.48858837158008755,0.47015057297301377,0.5069168974002044,0.03978359152619362,0.6141222176216758,0.7621160997209654,0.7550450657695402,0.7296531620313221,0.8000597287964311,0.6312253744203605,0.6141222176216756,0.2555061996693553,0.25072635279852834,0.24778350267667743,0.3278179232339163,0.18226004947384178
SurfEpPosMedianAverage,0.014229504537194517,0.6332223066400299,0.04754227025321999,0.347570719089769,0.356415976690001,0.0015925341238919558,0.006132511214981489,0.0949629489818346,0.0011184680849275891,0.11350918398292345,0.0049369384790747435,0.007283601606622822,0.07920019320157039,0.0048611755035753755,0.0022013571599858537,0.0011852124100401853,0.0017941881115091148,0.07157169626010591,0.005326599031800077,0.008875402826571498,0.006441841406360855,0.00023549532839906785,0.003882709604704815,0.0016605076495837146,0.00646055567966054,0.00832011357806175,0.0014559480478933081,0.05999037468189883,0.0003593140035508435,0.7072110254496492,0.23797754910169586,0.49559172890222203,0.4800086985760893,0.469407692959075,0.15409478170356622,0.13463001803972513,0.464297789460188,0.9775670785133628,0.9911072733181512,0.9936560592734591,0.5927705653375008,0.785134995138367,0.08525810919125304,0.2520602348635218,0.24991683912447135,0.24874295370306776,0.09005552040250395,0.1325335365413662,1.3783659537557543e-10,0.0015637978331336662,0.01850917189051276,0.018802035300021502,0.017846018656198958,0.005337119672098243,0.011477901779135732,0.0014489261250931781,0.01830864061476627,0.020495140115383607,0.02025552042876613,0.00646140386207908,0.0029443902864262446,0.0027901172792391695,0.003930828730078297,0.004882022616722544,0.006499680125159063,0.003051666313507168,0.0046357653958120325,0.7067475213881588,0.23835614137736227,0.4991131438340451,0.4834670786569432,0.47287865824067576,0.16168969930914412,0.1397709472326632,0.4471701304904294,0.9834065910295419,0.9972893322051988,1.0,0.5828307860137615,0.7886176190440272,0.09077329945812784,0.24600705079805327,0.24475140810715307,0.2427906072528159,0.09044705957101172,0.13908043157145056,0.6302171838205765,0.24842405465630413,0.4882461728269845,0.47019768381869037,0.4521541743086339,0.4882260326410511,0.0412643452936233,0.5980742015046311,0.7499920493856213,0.745261226356094,0.7207531935591978,0.7966624076046581,0.6134429466686322,0.5980742015046323,0.2427442682396049,0.23803683639833473,0.23519756205924758,0.3116737243685325,0.1757539355783086
SurfEpPosSumAverage,0.003106155858963103,0.5448109897458397,0.05599248711447207,0.22370580296536227,0.23542263659189822,0.017125724957417834,0.0022503722347387164,0.06881436937217203,0.001761268614091933,0.08399391719452697,0.00386658915109807,0.00015856387804190334,0.06023775913525528,0.0003929658538448641,0.003924203198687238,0.0026244161403426434,0.002043696889450821,0.020678553081883082,0.0001678993488042453,0.010104026830551956,0.00012922988021085827,2.9374632153309164e-08,0.0015219262748272402,0.0026203089923306053,0.003764228799886443,0.0030827814417150505,0.01756080091241034,0.03537793944652053,0.003765420248298707,0.3901402583217891,0.14736492823597322,0.3002011418134244,0.2952427267969633,0.2912972208846476,0.09752225249805571,0.04875439338952888,0.7962430223037171,0.5679815924509188,0.5700549027048818,0.5682232444596407,0.9953982462092485,0.43560112684766267,0.040495530801263856,0.12202556357317347,0.11875542208282998,0.12160046541056711,0.034508261038730614,0.13235426946594195,0.004190483276981014,0.0031531374504550993,0.011793810326069432,0.013781887719471763,0.012133065319570686,0.008546133342538072,0.008972964911087808,0.029713837748762396,0.01649402897458462,0.01516998786333418,0.014391690446415986,0.04362485161322092,0.007993259800743417,0.014056188831087413,0.00045501519736618516,0.0006558352293188,0.0010680350785992317,0.013272558725711424,0.0008965894273794796,0.39509125351233043,0.15098502617411258,0.3070700394087093,0.30210729075594905,0.298111274163655,0.1075062894045961,0.05051132285405543,0.768279449976867,0.5826026059117826,0.5863681164887364,0.5828307860137615,1.0,0.431380891532956,0.04553168762983269,0.11970605864052003,0.11914019521971646,0.11867023065753327,0.03504220880227035,0.1393498465780274,0.36402567659829776,0.1516337877522334,0.28223720795942864,0.27254234926801374,0.2656365380485083,0.2822367565624549,0.010393169065138437,0.45435002872332547,0.42767481583490774,0.4265867495028235,0.4192303019586984,0.6573038743354513,0.3553457267757113,0.4543500287233247,0.12141448532744455,0.11521573286176019,0.11729660159242943,0.14763149297661676,0.1460012445521951
SurfEpPosStdAverage,0.013401929956574153,0.5671921520092712,0.054888064097190284,0.4413689784103165,0.4526895612435837,0.0007396364599178652,0.006330470905677111,0.06515231705530146,0.001283831908046032,0.13722114847419992,0.001954575239537761,0.004450778223752073,0.10870334513771265,0.01055209584334547,0.005857850286123027,0.009886406155258333,0.010951633119219773,0.08882762175770266,0.005694763425841546,0.010599223658079554,0.0023628225762165034,0.0005884834865843319,0.0031284248282949,0.002933505679345081,0.0059372773554824485,0.012448350142357746,0.0006388260067395047,0.0745806039041214,0.000261735354143553,0.9106763291913366,0.30426174059383415,0.5998425318221097,0.5785193827863414,0.5665976727088607,0.20705501395007675,0.1358431126381567,0.5032800409894861,0.8716095101253204,0.8188741968118438,0.7909797587228133,0.4233816839837428,0.9952988416379233,0.08436461436533872,0.40001413446185097,0.40004130101430413,0.39978080936260935,0.14524340548579637,0.13115742763420205,0.0016602903673672217,0.0005585444483624185,0.03390131918689202,0.03224744574227051,0.027832426626296706,0.005967345006745613,0.040676130601204195,0.007672797277745656,0.0413010326646815,0.045844425074112904,0.04594156576385772,0.019392025175768664,0.007936124296297049,0.0023308351858123636,0.0012427135544095674,0.0021417434527098047,0.003077892914761026,0.002550054648513831,0.0005333187002235675,0.9114087519151185,0.30388734165605985,0.6037424234975003,0.5825963472559789,0.570892341974827,0.2173892514426041,0.1422328716269753,0.5071217327063917,0.8694427421632533,0.8166775069955129,0.7886176190440272,0.431380891532956,1.0,0.09388427967901487,0.3910818537935263,0.3937908935330301,0.39171352730982706,0.14732940775418166,0.14089064341733756,0.7505208949320663,0.3411989128300428,0.6211038956541897,0.6020717536808327,0.5809719999099183,0.6210190493842109,0.032353488743647976,0.6553309580963604,0.7577865248228072,0.7300306310416774,0.6974640356667914,0.5902996725243703,0.7441346164878447,0.6553309580963607,0.378490399015517,0.374788484133066,0.3697641736062601,0.49314288986594973,0.21688690770361638
NSurfNegEpAverage,0.7625889067123104,0.09025169815769112,0.3059846699838587,0.5723112276904653,0.5499757543201514,0.8506171638778878,0.0008570281773383113,0.00044342194153146997,0.0006200642880238783,0.013426187996428975,0.014308135834499415,0.014107929555261273,0.023565207324750113,0.0016631702657789668,0.008144779012829385,0.012947381265356477,0.0022645794031388336,0.0029412728910324106,0.0661689230502344,0.004670937343566115,0.0005131765853730225,7.868436337043818e-05,0.00043843803050493097,5.5027180368803335e-05,0.0006510568960103784,0.001986075484824084,0.8493319537673731,0.025292367247832504,0.11615976536615874,0.11310030280035976,0.3272467602401115,0.30508667983460036,0.3082419098237897,0.3082013692041712,0.7876608254350018,0.05540360362580775,0.05253032397344724,0.10143450453722849,0.09846160967078252,0.09489284789571778,0.04811529004377954,0.09923210325933793,0.998591273112722,0.29598690536250655,0.29522456638997874,0.2967549755211575,0.7879548839516796,0.25267825845649766,0.09621575640199824,0.09261973521970714,0.08720467249508254,0.08776682447861167,0.09951189333552468,0.8148509041953388,0.0058465612870467094,0.5369883587587939,0.010341561214668326,0.017736440244564715,0.019535930654260666,0.3778840072332533,0.0010406365686480065,0.853403088146606,0.10867711020691577,0.1113452248862678,0.11271968980177664,0.8411152393671303,0.051434951753942845,0.10294634610986894,0.3185575440041177,0.28989318512998813,0.29306883699902697,0.2929160943570159,0.7681256744675873,0.0518229241289138,0.04633839534822696,0.09756986467245214,0.09276218909907734,0.09077329945812784,0.04553168762983269,0.09388427967901487,1.0,0.2781892178764203,0.27882043062782164,0.2787943870138914,0.7717775188153939,0.24693554048008068,0.0927410896564112,0.3054115268543779,0.23667447063918823,0.23161464777673313,0.2291307364589234,0.23662277047488592,0.09660438950685946,0.15027183888580778,0.06738037591131357,0.06811555849087475,0.06312205785146768,0.100456290696232,0.07745199203944676,0.15027183888580786,0.23376864412428514,0.22027725636796833,0.21398767840773986,0.2317378748945949,0.27880297469955156
SurfEpNegMeanAverage,0.1482473241131342,0.3656826043274801,0.06374917174517164,0.8414149941776351,0.8514497339073983,0.11832553200116122,0.0010512922979027653,0.035968684767597556,0.0017377939870024987,0.17420000242084493,0.00014969206292065977,0.001332654645280528,0.22321970950547196,0.0006808236473749631,0.000362505331710726,0.023838408258568446,0.01208145972883116,0.03847063392956166,0.017494605292349433,0.0035091629764725254,0.0006290956184523377,0.005347916057723655,0.000621001538925944,7.816734869830016e-06,7.31641510545449e-05,0.008142010545316906,0.1170852988145655,2.6039394282130845e-09,0.008733911777601824,0.5644293378782871,0.8032873975172032,0.9101259647348996,0.9096396878858576,0.9083141846958146,0.5933254971078722,0.1074879486799052,0.2132088723695315,0.29480894222077375,0.25583485430205977,0.2446339239656041,0.11510617959088795,0.38705537182702815,0.2627877239467604,0.9963915254447339,0.993083043961025,0.9891883962855897,0.5624183340392046,0.5346773162187893,0.007655949488533568,0.021107655978268077,0.07353063660977378,0.07669696334041132,0.08286280386938553,0.1496610446820237,0.013716513494757393,0.035412600699435144,0.01792199646977091,0.025801043741161038,0.02791980693952557,0.01575494096134717,1.0147962843371081e-05,0.13022727877234214,0.06441565035348604,0.07122803464713603,0.07434849844826184,0.13907438203641048,0.019604859684950994,0.5599544096896715,0.8082330002713882,0.9116875280763865,0.9113066001484639,0.9100414596146692,0.6080716403764839,0.10073729956196954,0.2238681304241257,0.2972880669237364,0.25902620323424413,0.24600705079805327,0.11970605864052003,0.3910818537935263,0.2781892178764203,1.0,0.9975538611015563,0.9937778932594022,0.5740147701707674,0.5447239950349891,0.4652848481878461,0.8150433724192142,0.8348269477643927,0.8247296515158511,0.8142294798078324,0.8348749935128585,0.17579392610386288,0.3778870195940528,0.2912396401822333,0.2653296353236215,0.25348727099127216,0.20058667700630461,0.3410934520141546,0.37788701959405363,0.9137406305922776,0.8958445455509241,0.8792669115213021,0.9008974502560197,0.6243995567364562
SurfEpNegTrimeanAverage,0.149542500037784,0.36438673614257866,0.061169878801053956,0.8406286167293191,0.8504092887124745,0.11773832844243466,0.0011601528565547434,0.035643057679039955,0.0017423913231217432,0.17338626495359502,0.00011972051411400743,0.001173195400203802,0.2244398304183307,0.000481694859542882,0.00042151855038532164,0.02462440437313229,0.012429145261007473,0.038214296207640525,0.018356900384078972,0.0036386442115524643,0.0006476881253865808,0.005471835586180052,0.0004918798447721978,3.620328747363493e-06,9.354535620862567e-05,0.007885412297662571,0.1164656917937652,3.0866054465142275e-05,0.008902517965634514,0.5642384687631438,0.7861176297704356,0.9096599240232975,0.9124024965309468,0.9126831101798579,0.5921761370339629,0.09965529413141534,0.21625214703396167,0.29443128834453747,0.25513380257171603,0.24371109716139722,0.11431805222523478,0.39003628012121877,0.2631503859574533,0.9947965835751159,0.9962641472914916,0.994756327575819,0.5615008529671404,0.5169066879871786,0.007310055583474443,0.02091334084219473,0.07487234619403044,0.0779286707140681,0.08419575287390894,0.14977466349469665,0.014464025006081065,0.034369876447065725,0.018700305873284827,0.026960939212474576,0.029173255449919444,0.01500784699948826,8.120715869107137e-06,0.12988995278844215,0.06463818374857783,0.071732703915593,0.07483002098562537,0.1388471508323014,0.01950365166580163,0.5596811684297127,0.7900064653928373,0.9108989201802141,0.9138275408133785,0.9142253396882757,0.6067397577502824,0.09292246837464342,0.22740396941608393,0.29660778627818035,0.25795483445790107,0.24475140810715307,0.11914019521971646,0.3937908935330301,0.27882043062782164,0.9975538611015563,1.0,0.9987527362582596,0.5728597833445587,0.5259427013767265,0.46730051093701397,0.8057739649693573,0.8337040763229311,0.825121839313179,0.8155267529914533,0.8337652779652502,0.1692396139839374,0.38317237252941777,0.2931228081781287,0.26650157041993633,0.2544046809244204,0.20151709931203965,0.34606564212995616,0.3831723725294179,0.9072388034711906,0.8913460364432854,0.8755742502724329,0.898928601877635,0.6162129971091825
SurfEpNegMedianAverage,0.15035355659962138,0.36314294307328465,0.06027823560070487,0.8377329453177219,0.8473059609695649,0.11754269850472052,0.0014368456217003257,0.03485600681571923,0.0017309410284440253,0.17296211355580118,0.00011316706659066771,0.001069836768822653,0.22260594240733847,0.00035369620242062765,0.0004426135767640748,0.024778779590030702,0.012385390728125082,0.03788965823623648,0.018886989685849394,0.0035154621408135978,0.0007035205712712185,0.005277884334413822,0.0004183800339646466,3.586762484253654e-06,9.970354879713166e-05,0.007713547190180997,0.11624578945838238,4.944221767301906e-05,0.00933349616431117,0.5604481855021118,0.7809557037158185,0.907189324461822,0.9117891447932012,0.9136570155896868,0.589878160612744,0.09856133009479154,0.2168544946312883,0.2923624966377272,0.2533011680977489,0.24185636732545054,0.11379705981279598,0.38815993144548533,0.2630771118499723,0.9914567470149604,0.9953893781900413,0.9962581763147639,0.5593454983731335,0.512157384583502,0.007431613286617553,0.020688452767712792,0.0751966600070891,0.07836756137215409,0.08486934501221959,0.1497472991643353,0.01434071678565742,0.03414453931033101,0.018495810765877613,0.02676406604141728,0.028981463953940956,0.01492351888408314,1.5666419224676962e-06,0.12971123934026924,0.06531599723259282,0.07258191575491907,0.07575056631913073,0.13878553831217202,0.019547165126239583,0.5558613481816815,0.7843792292613592,0.9082314645823941,0.9130745023782606,0.9150998451598298,0.6042649098931169,0.09172626662588948,0.2280995650989674,0.2944844296254928,0.2560416742062837,0.2427906072528159,0.11867023065753327,0.39171352730982706,0.2787943870138914,0.9937778932594022,0.9987527362582596,1.0,0.570517735973094,0.5205009609263962,0.46522656587646644,0.8012641029338479,0.8297963471038536,0.8219389040171453,0.8130209176020583,0.8298652351269492,0.1678878006646554,0.383998043231863,0.2916524522166723,0.26519406558146646,0.25250733767442823,0.20153583143087933,0.345932545598456,0.383998043231863,0.9009073444726179,0.8854501395265418,0.869922139285052,0.8941061992322116,0.6134977164150219
SurfEpNegSumAverage,0.5457694473483701,0.10734236293918621,0.26237898508449414,0.7945165582624435,0.7827733739011353,0.6095453792746464,6.806091593556206e-06,0.00021602386529176093,0.0025670850078827897,0.03679396019619349,0.00908978276226707,0.010508920711998734,0.07600302602590198,0.0046875993000519405,0.004974176844539667,0.016654553015214305,0.004912848144875659,0.011145215289513347,0.04016942653183568,0.003338804976360275,1.1138457106669884e-05,0.0007183230222674552,0.0006087707469103863,4.626153882415953e-06,4.117244968489577e-06,0.0016757953291338884,0.6086324940978564,0.01334343333203819,0.05633762788470518,0.2259924049898276,0.4940394892183148,0.5032842547583517,0.5061509126239072,0.5060969468468732,0.9817499222874922,0.09684734274703795,0.0673567895213887,0.11088942851173338,0.09803462574330586,0.09237470629227244,0.03409656519374323,0.14755350486314325,0.7585239505876772,0.5847468380570344,0.5832169151883715,0.5808006247961051,0.998602966427839,0.3241212285411947,0.05531854209142031,0.05958679449166153,0.07540237005069815,0.07594108597200447,0.08474536011614148,0.6068781990902606,0.009314268584095469,0.35316427917172477,0.01298275653264245,0.020658039612797007,0.022714427518800536,0.23569782663556166,0.00011881789070733859,0.6202613238088083,0.08406646546776031,0.08933770973947042,0.09097926496126581,0.6160873735518639,0.028938422166504545,0.21578660052073753,0.4908410714844151,0.4920913806413361,0.49491216468661475,0.494808793574657,0.978905868685073,0.09174639095780275,0.068518665358235,0.10975276724343386,0.0953871568393007,0.09044705957101172,0.03504220880227035,0.14732940775418166,0.7717775188153939,0.5740147701707674,0.5728597833445587,0.570517735973094,1.0,0.3247490519741009,0.1841328495915305,0.49714733891423823,0.421197192596926,0.413476688442123,0.4068384536731413,0.4211562032114825,0.147156815869863,0.15422038650295394,0.09950954123737003,0.09578954721837184,0.08555259712779177,0.07200221251416468,0.13161322681223847,0.15422038650295367,0.487609047798581,0.47101654926632974,0.4572474015901378,0.4751311747441595,0.3820529954966418
SurfEpNegStdAverage,0.09959200347930827,0.3558368315235802,0.22514765228927427,0.49391130220738877,0.5002153834755088,0.11660063827219476,0.0058698337128761,0.013466489878847153,0.0038336096508598387,0.11070543402495862,0.002130763321853393,8.753802935640967e-05,0.15472875419824408,0.007571854472400331,0.0008086254989451831,0.007925374455724901,0.007605959092713624,0.007660754343052963,0.003120816747609162,0.0005069652263851653,0.002668339577418344,0.002264766809927227,0.005983264239748803,0.0007739349159353832,3.9594754687199e-05,0.0027319499075752784,0.11651022605731785,0.0245404661426381,0.024145772315767318,0.18581046134547005,0.7300016778712723,0.5277829642023067,0.5187311027882102,0.5156014561515903,0.35596980279267293,0.46478564827957786,0.16124923087457918,0.1539866927265892,0.14452007124929667,0.13991821645027447,0.14031428321408876,0.14467512362127827,0.23879646355848283,0.5373585472950267,0.5177930130005652,0.5145653635955112,0.31980333314037596,0.9966063579187074,0.021767925643538816,0.01634366549851967,0.04415763043386245,0.05105578032567173,0.058573665233551835,0.12979882642878507,0.0007769594032226209,0.055879896160126195,0.0011246938836398284,0.002740853731932081,0.0030709750556494834,0.03491661478950742,0.001167202232305192,0.1222299619012379,0.06303571540447225,0.06453392741378676,0.06646755545227769,0.1278101396691759,0.018331380047301293,0.18462503265686095,0.7449206188804794,0.5308508064574914,0.5212570045756035,0.5177692618302605,0.3639048206105448,0.4581388548875516,0.15982055675789872,0.1537492881564201,0.1427699322925819,0.13908043157145056,0.1393498465780274,0.14089064341733756,0.24693554048008068,0.5447239950349891,0.5259427013767265,0.5205009609263962,0.3247490519741009,1.0,0.12372914007933881,0.6547812836878187,0.4335924501267934,0.4181816375281989,0.40932379574653155,0.43354827144679003,0.44609719372038203,0.23269833137557955,0.1029679497717719,0.1035465390720598,0.10017690220642175,0.1891131338869954,0.09338638973926104,0.23269833137557971,0.5001131340876842,0.471717302790746,0.4638354420402038,0.42227908136217285,0.7890657700572878
ShellEpMaxFormal,0.019690763326149666,0.4853332488451359,0.044447037969322395,0.4810477451825431,0.4908602240684325,0.0016031004104860498,0.007710892368494925,0.08553794946229339,0.001887593995748248,0.1365370904330544,0.007037594650702044,0.0015415948918576308,0.10821910638195512,0.009469671392171577,0.011065019192967571,0.011480928202629005,0.004672415388818953,0.08648620340654545,0.010696642471941112,0.01010284730812647,0.006458057961279782,0.0031608086164279844,0.002270554338616049,0.0012917022329398565,0.011832163270795747,0.009668235877639882,0.0014050489897226405,0.06596680313582226,0.0011423540547607562,0.8146254859297669,0.3391728302492296,0.6345709483297534,0.6203330698617566,0.6114356404646302,0.24129163275028673,0.08954184983666301,0.45275842205660094,0.6864546997193848,0.6437757812813594,0.6239127094710439,0.35776070568447105,0.7494454772808317,0.08351951237349968,0.47496110360647265,0.47457991222399926,0.47368834841713015,0.18126455310896916,0.1161812287012715,0.002653485366376462,0.0026416114950122646,0.028647530757786747,0.025698276445708254,0.021892486389928835,0.006939548689858323,0.030340726121591492,0.003915446026879642,0.04241968374179265,0.04581862718861017,0.04605867817234427,0.013112467198918162,0.008988394844242823,0.0032780815998289265,0.0017200210768657828,0.002624816858440336,0.003559444633839033,0.003559104159209613,0.0038683519340988216,0.8089598645973923,0.33580780575236385,0.6356094704306063,0.6220104706768171,0.6134678765742125,0.25188987917275774,0.09491027208368544,0.4574196378578675,0.6901125109121767,0.6498483798987037,0.6302171838205765,0.36402567659829776,0.7505208949320663,0.0927410896564112,0.4652848481878461,0.46730051093701397,0.46522656587646644,0.1841328495915305,0.12372914007933881,1.0,0.36781909390412704,0.7031932419368944,0.678296053559638,0.6583797054011334,0.7031642500475285,0.05340613171651854,0.6663693448818951,0.8354325714630271,0.7780863666864163,0.7384866347705652,0.5582045258132171,0.8919082288650629,0.6663693448818957,0.462238939323548,0.4544633363028138,0.4469005996474586,0.590887469445056,0.18257834886628385
ShellEpminFormal,0.17501649794179358,0.38129773245901427,0.10486935116762834,0.7580084117349006,0.759378116939768,0.13534276993932187,0.002914284848019805,0.020897979332058825,0.002245557268234937,0.16212836341822628,0.002116460371035714,0.00017540872944088047,0.20749270256887167,3.125697844575299e-05,0.0014102788778339054,0.021879287466254938,0.015238508039289781,0.02614729226855275,0.02153401666387324,0.002036784233822516,0.0009347666090064674,0.009861577959443594,0.0025209272062277676,6.48087755603828e-05,0.0004391401887102176,0.014585931731004736,0.13377793788645428,1.5643670519145597e-05,0.015243456090679336,0.46153022343678546,0.7962015142916645,0.7971454363715521,0.7927333358117867,0.7906347033239693,0.5335242494979984,0.1602297215821958,0.2261452135863404,0.2934862234052079,0.260103250525473,0.25031711861910017,0.15060048923413671,0.3461872836325513,0.2925691094362573,0.8220204286641142,0.81226980365249,0.8077850690157967,0.492838441078353,0.6505976331104003,0.012862196178072053,0.022772396657015758,0.08870610005014565,0.09290318993386117,0.10009338233564254,0.1728817477908917,0.013459964294798222,0.03949309741383888,0.016265865698781874,0.023168321951812614,0.024836021827426426,0.018178488809076007,3.2879232757679016e-06,0.1491917700875883,0.08487755156265313,0.08979883317965538,0.09333196903225946,0.16064344828742752,0.02812120173958531,0.4523047536058087,0.7938332700237988,0.7902049686206577,0.7858826962047681,0.7837784209944573,0.5412095500986452,0.1522953052181557,0.22887280778257893,0.29148593010937773,0.25920874155982193,0.24842405465630413,0.1516337877522334,0.3411989128300428,0.3054115268543779,0.8150433724192142,0.8057739649693573,0.8012641029338479,0.49714733891423823,0.6547812836878187,0.36781909390412704,1.0,0.7648887619760425,0.7449367713750095,0.731839032205923,0.7648929559992347,0.2896451231852205,0.40543959533126495,0.2617736612568759,0.24280200897251106,0.2377634995207117,0.2568090396954792,0.28651002810711107,0.40543959533126467,0.8231309942906447,0.7903685466651521,0.7757929934105011,0.7827327719898458,0.8100214552715266
ShellEpMeanFormal,0.11227008237338211,0.5354494244919371,0.00567998115193563,0.7974303746387063,0.8042349041433323,0.05788289672320802,0.00013866850962212498,0.04438209315252151,0.0009680496462561033,0.19967466800917433,0.00042401393177649325,0.0010007016164334738,0.22288102699017928,0.0006340363642846563,0.007903906486565712,0.023306178161031078,0.019511360911040755,0.0755064476959365,0.026190602237823307,0.006268361672770693,0.001177014730084605,0.006938936002756355,3.2536132936358924e-05,8.78174657147909e-06,0.0034034308934766974,0.019766856107674664,0.056501759600508614,0.035650804244627146,0.0032408643407788895,0.7645806073304061,0.706744437868131,0.922713531305569,0.914635468089041,0.909060454974805,0.4821568583794972,0.007314750315650203,0.3956748279558627,0.5529761263791612,0.5058676292649225,0.48816189626626716,0.2783800226322959,0.6269672507711787,0.22217948014585925,0.8460886468279448,0.8453156801259157,0.8401330149616372,0.4167366701282563,0.4233833073353742,0.0016536381722471074,0.014872941221150857,0.08052946729174977,0.07949918311441267,0.07854698369948648,0.08706579097189154,0.032607018406124476,0.005815249655830537,0.033374079689642296,0.042601652770758426,0.044563722583111566,0.00023252144316474285,0.0008691861172752422,0.06879625309275228,0.03919556579872839,0.043096287582596676,0.04647058485767782,0.07436594793481154,0.015579839183858302,0.7524117216973422,0.7025579848011789,0.917651121622284,0.9099797574132649,0.9047022515417162,0.4937885488001726,0.005849351427258276,0.4005363124835696,0.551707775622171,0.5069373801122812,0.4882461728269845,0.28223720795942864,0.6211038956541897,0.23667447063918823,0.8348269477643927,0.8337040763229311,0.8297963471038536,0.421197192596926,0.4335924501267934,0.7031932419368944,0.7648887619760425,1.0,0.9948331260278795,0.9821310901044072,0.9999950415737996,0.04511265994048967,0.7010582560905425,0.5597969269883504,0.5346788171114647,0.5138401038941229,0.4855120093016566,0.5741218057009732,0.7010582560905427,0.8852765531271538,0.8804235164538647,0.8665686854587322,0.9522722906327971,0.5567247942094342
ShellEpTrimeanFormal,0.11142289360630091,0.5244854154271679,0.005240651078291381,0.7853672139934427,0.7918886263141034,0.056438300333106435,0.000134749203222011,0.04320209945780255,0.0011787931883177878,0.19961336802384125,0.0003782742298473605,0.0009453366854919776,0.22345349739456608,0.0005273370834750383,0.008331189764123809,0.024162268527878304,0.020548895388009743,0.07558819593679186,0.027929075794404536,0.006365409833979049,0.001380211237836224,0.0066018368238026015,3.222952098330386e-05,0.0001037775892897117,0.003223923192903841,0.019448834442729476,0.055059173457926616,0.03990940525500566,0.0032152368015428887,0.7462723995321983,0.6922192956495806,0.9099898581642522,0.9041986501702154,0.899749389418112,0.47254178626437277,0.007078965173940607,0.388527948016323,0.5344320351990011,0.48753539095842796,0.4703590694047665,0.26866282578992473,0.6083600162346734,0.21736149864552695,0.8361888553993866,0.8366787115385003,0.832490081484028,0.4091300746948923,0.40854923954828837,0.001364451465029031,0.014753555549621211,0.08138901240198394,0.08015301876642239,0.07880975573343321,0.085583622353624,0.033889287521583336,0.005264463099774144,0.033716704290613034,0.043239869448639924,0.04522811339246832,0.00015816489360716057,0.0007200818378832319,0.06734033548874947,0.03858884177780388,0.04254714025654771,0.04582713000519978,0.0728996195817897,0.015256613659289198,0.7339625976069707,0.6876604800075886,0.9046622858742596,0.8992976830729033,0.8951605936902071,0.48384998077833713,0.005656381091847336,0.3934420443183552,0.5330160958626955,0.48858837158008755,0.47019768381869037,0.27254234926801374,0.6020717536808327,0.23161464777673313,0.8247296515158511,0.825121839313179,0.8219389040171453,0.413476688442123,0.4181816375281989,0.678296053559638,0.7449367713750095,0.9948331260278795,1.0,0.994410126999811,0.9948653404302199,0.044454893691476004,0.7017472789222777,0.5357374338249571,0.5118544553284367,0.4920474906308841,0.4763953464586514,0.5493101714882652,0.701747278922277,0.8808442255749316,0.8818118099965843,0.8704988054364103,0.9502261186379904,0.5334249536977804
ShellEpMedianFormal,0.11164799373453393,0.5166568242184543,0.005471569979537581,0.7743002135533191,0.7805275125144396,0.05615370794760301,0.00015888031385646772,0.043512703755087166,0.0012128262627441582,0.19689816874735513,0.00039337994592795095,0.0009112306454053163,0.2207431878989036,0.0006099247798340557,0.00825597126792026,0.024117015658823453,0.02135513749567616,0.07426963015534661,0.029666463641499847,0.006452048709470476,0.0016859602723666267,0.006315465196125972,1.6001746302698112e-05,0.00034514780980124306,0.003193528975224139,0.01934226871213947,0.054779255903076904,0.04013709710307248,0.0035705459720470818,0.7252826942336204,0.6845602874170355,0.8985129001085079,0.8949634718577248,0.891624639093008,0.46457736195783056,0.007720496079584642,0.3822244998598544,0.5151030876956337,0.4687266959125224,0.4521466911182322,0.26175944228045983,0.587458460937904,0.21505237168478566,0.8259431105604249,0.8270634959732243,0.8238451698562925,0.40263848705006067,0.4004929251302204,0.0010971153923468825,0.015111554624945312,0.08170662205693757,0.08043019816601027,0.07881628901762722,0.0851708310918869,0.03385465004130382,0.005216859254837793,0.03367652509629219,0.04328326521180042,0.045264111264922004,0.00017207044889478438,0.0006516323403761755,0.06701387698933114,0.03868444587656651,0.04262267262223966,0.04573863960192861,0.07259292489537732,0.01579909484443451,0.7131674662244735,0.6795010858952757,0.8929894963144722,0.8899028723935708,0.8868772957616023,0.4755824209723678,0.006197841610678259,0.3871009830088301,0.5139371501062597,0.47015057297301377,0.4521541743086339,0.2656365380485083,0.5809719999099183,0.2291307364589234,0.8142294798078324,0.8155267529914533,0.8130209176020583,0.4068384536731413,0.40932379574653155,0.6583797054011334,0.731839032205923,0.9821310901044072,0.994410126999811,1.0,0.9821839350598698,0.0457064317168882,0.6956783817010701,0.515174964660772,0.49093871185364574,0.4722913093919326,0.4663557712582152,0.5293611971149245,0.6956783817010702,0.8705177097630534,0.8741530258903104,0.8658613088837968,0.9398250815190999,0.5177107181596139
ShellEpSumFormal,0.11223009963407629,0.5354337188419429,0.005674980191784771,0.7973920820476635,0.8041971420783104,0.05786116158922487,0.00013782073403848294,0.04446502444708011,0.0009629163090156818,0.19969517217085161,0.00043008427565589016,0.0009985500992630344,0.22289668024321055,0.0006390984793247536,0.007927394450284833,0.023318387426229655,0.019532979910678327,0.07545393855031557,0.026228861801486564,0.006263653623557235,0.001187692667893996,0.006953364145262189,3.3059011009606966e-05,8.984644003457008e-06,0.0034143485026862245,0.019785954245417674,0.056480649392833676,0.03565833596542772,0.0032416455793716956,0.764505378070907,0.7066838431927193,0.9227466727630583,0.9146861022385053,0.9091208010081834,0.48211130466028734,0.007317755460373418,0.3956446704307585,0.5529485888050075,0.5058522696437086,0.48815157835160056,0.27838043629402914,0.6268915617376729,0.22212937040515987,0.8461382236341835,0.8453796178763506,0.8402017474663486,0.41669280270112125,0.4233491805300473,0.0016472713375938247,0.01485154339895693,0.08055795533539835,0.07952919601513135,0.0785714243282377,0.08703929271743732,0.03261149916387278,0.0058100810198373695,0.03337312247735437,0.04260083550127624,0.04455968455326639,0.00023166687829071669,0.0008693688045493479,0.06877274506090267,0.03921019838451408,0.04311437282979468,0.046484871496071466,0.07434126853646572,0.015599737943856967,0.7523325296670913,0.7024907450327657,0.9176818195212849,0.9100287653682758,0.904761996419839,0.4937457781313081,0.005851458758513694,0.4005073840169999,0.5516724903363406,0.5069168974002044,0.4882260326410511,0.2822367565624549,0.6210190493842109,0.23662277047488592,0.8348749935128585,0.8337652779652502,0.8298652351269492,0.4211562032114825,0.43354827144679003,0.7031642500475285,0.7648929559992347,0.9999950415737996,0.9948653404302199,0.9821839350598698,1.0,0.045112843918830046,0.7010220514441349,0.5597896022124169,0.5346911662113244,0.5138471858584124,0.4855426611223179,0.5740717414195983,0.7010220514441362,0.8852710783793326,0.8804291674479597,0.8666047415983693,0.9522649720291039,0.5566732488112174
ShellEpStdFormal,0.08746599788823173,0.007550555165548042,0.381668557229154,0.11318574238331106,0.11160060357877835,0.11616167062005497,0.027182324319589182,0.005886199730644475,0.011171143356292377,0.015486132591617635,0.009270988004403714,0.0031553382326042615,0.05283971078736213,0.010731079916107533,0.0052450593177879225,0.004407864681402716,0.0030036428069876273,0.013132059803813182,0.0002822299762626782,0.0011506506025320956,0.008509325372262226,0.0038439328927755184,0.011741877852790218,0.00015919649835384,0.007440773303733413,0.0009520771270664196,0.11644141410721594,0.10686892200658625,0.026879497060151997,0.00798480558002851,0.26366614017264156,0.0827304697209109,0.08693677619715694,0.09031926112047778,0.12605333567792906,0.7020549973412646,0.005528458280891054,0.03522120693921106,0.039240417003851356,0.04083974245209279,0.010116458684873196,0.031184946901454784,0.09661519997582353,0.17034910306046944,0.16333923023226457,0.16329217274468788,0.14516373248154932,0.4533918296583893,0.02115617822395724,0.014399465980181967,0.022878220064640364,0.028444505851008668,0.03831753239810924,0.12275782201213344,0.003411238373659235,0.06923022938529216,0.004360057645342107,0.002709017058020892,0.002142543263097574,0.059238223941464246,0.006487428929192176,0.11819968025170192,0.07612649838242391,0.07477654133433664,0.0739841223797925,0.1272126887906694,0.017034919714842337,0.008130837720154783,0.2688179880267435,0.0819000773661098,0.08577540176175659,0.08891691268148495,0.12521153218733466,0.6966194524508442,0.005181779936826827,0.035207036803988324,0.03978359152619362,0.0412643452936233,0.010393169065138437,0.032353488743647976,0.09660438950685946,0.17579392610386288,0.1692396139839374,0.1678878006646554,0.147156815869863,0.44609719372038203,0.05340613171651854,0.2896451231852205,0.04511265994048967,0.044454893691476004,0.0457064317168882,0.045112843918830046,1.0,0.007582152260083801,0.09186406062256189,0.09720596632360333,0.08849367775571974,0.022715502916603056,0.07711631622587507,0.0075821522600838034,0.20039973499125185,0.1891560785560599,0.1886202162666351,0.08895920237423985,0.5127634955273714
NShellPosEpFormal,0.036694776502628784,0.6332832659606149,0.01215184473757438,0.4638629038330366,0.46928417150365215,0.007287433067511499,0.00563378299053873,0.0525362637024182,6.717480727612652e-06,0.1372664623798896,0.0022229338801695755,0.0003298296402855362,0.1456372066410254,0.006458945209395476,0.016641634855251566,0.013317743358498346,0.018104683321313115,0.07887709064594402,0.02055956832599726,0.008427507464673932,0.004225753076321186,0.0035998560887440735,0.00024617869097631794,0.0008319816501644885,0.010704303608164207,0.015015533843088659,0.006854409760025232,0.10187914699348595,0.00018663431606341728,0.6660533668162336,0.36209422240677575,0.5971390393606039,0.5893575804717666,0.5838602318238294,0.22077514251008806,0.03002974666230525,0.6059363248864066,0.6542141549212115,0.6143084059750646,0.5989724359939794,0.4514177143029244,0.6721124941762618,0.13935599600237927,0.39280223567393585,0.3968898912891758,0.3987287802727552,0.15486919663857343,0.22566262544856117,0.0001033031192548728,0.0019440488587685568,0.05129113441220804,0.04859284945684106,0.04184874491950288,0.01848841647097738,0.04278776362112853,0.001961301223605121,0.03913600880233578,0.045926976475842624,0.047058812347568674,0.00892984159427135,0.0028060888521586795,0.01133150322675069,0.0065853834801726146,0.007924391291037737,0.009164466116479163,0.012289021739645816,0.004983320640891822,0.6555688576891991,0.357616658907178,0.5931389954227471,0.5859888393855923,0.5808214248429175,0.22784983081202884,0.03201551071358559,0.5977111201340509,0.649798205674367,0.6141222176216758,0.5980742015046311,0.45435002872332547,0.6553309580963604,0.15027183888580778,0.3778870195940528,0.38317237252941777,0.383998043231863,0.15422038650295394,0.23269833137557955,0.6663693448818951,0.40543959533126495,0.7010582560905425,0.7017472789222777,0.6956783817010701,0.7010220514441349,0.007582152260083801,1.0,0.6654662395024593,0.6439670268153089,0.6263495626980645,0.7580753971831439,0.637236527391075,0.9999999999999996,0.39732616696529977,0.3917392728050025,0.38632231662260336,0.5322302685934597,0.29774258143364557
ShellEpPosMeanFormal,0.0069928118443520326,0.5175078857117397,0.06861425661450996,0.35200325145222283,0.36010583458310214,7.52626276216308e-09,0.006507095784864774,0.06995493450929911,0.001609917481825226,0.09306469747137319,0.008866862035797831,0.002732850602255228,0.0945045107925967,0.008068272238389813,0.010318224309071691,0.00333170552806961,0.004090029660218475,0.09708098898855891,0.005358709631320705,0.005551374393102006,0.007302082209336993,0.0035111780715151365,0.0021302634228554176,0.0023932971877071163,0.01586784840071094,0.008751588235505876,3.2049859067550966e-06,0.07641549750508912,0.0010787659964537546,0.7138207956910332,0.2363219163344231,0.4929083377551851,0.477592859301632,0.46752868946051407,0.15233668014479507,0.13610242384084767,0.443191493043014,0.7839088484078875,0.7618281555619861,0.7481651927364545,0.42821678744216857,0.7616431218693368,0.06104961741681665,0.29954105369576917,0.298683030483791,0.29914766395331843,0.09838070702382845,0.09671511157048855,0.0009119854080729906,0.0011501205791009316,0.014725523863846408,0.013580898632290206,0.010379101567674763,0.0010367367845727888,0.019298055606983444,0.0052912850614539415,0.02612456484766635,0.027982524186577828,0.027999583893385003,0.013025050914656475,0.005308528516744716,0.00017954330792374068,4.260313232740596e-05,0.00017463184035714624,0.0005094624372438072,0.00016557946302311674,0.001946486712253803,0.7087425833168354,0.23397324741707326,0.4938937577060356,0.47900232511844654,0.46925175325699076,0.1600529071214739,0.1411193097464497,0.4383907844495208,0.7828192818787404,0.7621160997209654,0.7499920493856213,0.42767481583490774,0.7577865248228072,0.06738037591131357,0.2912396401822333,0.2931228081781287,0.2916524522166723,0.09950954123737003,0.1029679497717719,0.8354325714630271,0.2617736612568759,0.5597969269883504,0.5357374338249571,0.515174964660772,0.5597896022124169,0.09186406062256189,0.6654662395024593,1.0,0.9877620952493114,0.9622577517939873,0.7171407762658686,0.838264802598668,0.6654662395024599,0.28582769378495954,0.2808735246523925,0.2794589430431553,0.3981166173203297,0.15481948966501125
ShellEpPosTrimeanFormal,0.004890044229619803,0.5070002397799754,0.07000506947307882,0.33866044482331414,0.3466204039219089,0.00026247368269667604,0.004564048660929701,0.06418763988260913,0.0014967846439437923,0.09218829774217976,0.011054404457329413,0.002979405167865653,0.09124877803427807,0.006840220508248508,0.011235241806834153,0.002876346692536552,0.003693970631054781,0.10627977305268975,0.003984256183719467,0.0035179554806943417,0.00840454750621312,0.0036143232528103877,0.0015299554472078495,0.001601718214250497,0.01569899786541678,0.008108710501122947,0.00033307552137935316,0.07789773436110897,0.0014772187808956198,0.6812667723143522,0.22172670156222635,0.4677137079114845,0.4526630761061717,0.44284867374510717,0.15282135345203912,0.13695846846133974,0.41945431985295684,0.7728410396033634,0.7553911024396366,0.744086085489995,0.42904137338366305,0.7346412539584816,0.06177546627512996,0.272546436012826,0.2708957813490474,0.27180325191307203,0.09440669327042757,0.09792332585564746,0.001012458227565248,0.0005780127515462688,0.011330358480194973,0.010781184095056653,0.008208911164546771,0.0002469350194157765,0.013999850131435681,0.007982435686755484,0.0196184996581638,0.0212312097672113,0.02162844854841316,0.01569097323473483,0.0036301548717740362,9.662250609120944e-06,1.4276129758857363e-05,0.00013217666602719446,0.00041609466545561806,9.46763530087113e-06,0.0015239780661459468,0.6755858596736798,0.22047146240766735,0.4688595957253232,0.4542261053690389,0.4447356752166571,0.16125182545201802,0.14142908349130004,0.41183328808312436,0.7713395055563498,0.7550450657695402,0.745261226356094,0.4265867495028235,0.7300306310416774,0.06811555849087475,0.2653296353236215,0.26650157041993633,0.26519406558146646,0.09578954721837184,0.1035465390720598,0.7780863666864163,0.24280200897251106,0.5346788171114647,0.5118544553284367,0.49093871185364574,0.5346911662113244,0.09720596632360333,0.6439670268153089,0.9877620952493114,1.0,0.9875260374265967,0.7304620090410565,0.7982550305359001,0.6439670268153088,0.25862346488938914,0.2540353179287531,0.25352079438562675,0.3657433013868462,0.14715449322305435
ShellEpPosMedianFormal,0.006156330625091732,0.49150747623800894,0.06427190769620202,0.3188533692339073,0.325887139930452,4.45693431228681e-06,0.004883932835681463,0.06387120512377928,0.0009927386711773977,0.08753669253665805,0.009662107566383676,0.0035670714226627024,0.08423577248541539,0.00522252806636248,0.011335172467969591,0.002482240009119295,0.002911602357464699,0.0983080945145516,0.004406189263713746,0.004414935368520643,0.008419985942749656,0.0030159308854240453,0.0017688066894595864,0.001175203979562114,0.015819022287302146,0.009310485074216368,3.8189573000185693e-07,0.07497060583591812,0.0007897044407608548,0.6481711199743688,0.21444809259859693,0.44762484843052713,0.4334205770605508,0.42367873330332984,0.13533538117759822,0.12608322321683674,0.41119105130127553,0.7462751549872935,0.7310110772543104,0.7212025226799212,0.42162374230143046,0.7032584157965254,0.05770454357290739,0.26124391250754425,0.25917529305342013,0.25959534494357184,0.08477552241637958,0.09479846731283814,0.0004450468715222749,0.000644419021585875,0.011097838950972603,0.010594485274231971,0.00793992913895119,0.0007986915192407431,0.014193340922210865,0.003463975682149727,0.01922423808956868,0.020719861919311154,0.020797718143547115,0.009068781139781785,0.003600856349652901,0.00017590834357975016,7.317471899707856e-06,6.824139300264815e-05,0.0003034567541770663,0.00014436191203553178,0.00148656347178817,0.642493003874192,0.2122475262136072,0.44797657733926377,0.43422549470409405,0.4248116123507808,0.14215014150314223,0.13045855755275929,0.40353963360129164,0.7438265695043076,0.7296531620313221,0.7207531935591978,0.4192303019586984,0.6974640356667914,0.06312205785146768,0.25348727099127216,0.2544046809244204,0.25250733767442823,0.08555259712779177,0.10017690220642175,0.7384866347705652,0.2377634995207117,0.5138401038941229,0.4920474906308841,0.4722913093919326,0.5138471858584124,0.08849367775571974,0.6263495626980645,0.9622577517939873,0.9875260374265967,1.0,0.7201539498191845,0.7237069236249161,0.6263495626980649,0.2511639065334642,0.2458968629547123,0.2454792485362499,0.3518452599420594,0.1465454376100499
ShellEpPosSumFormal,0.013652060662306661,0.6984618402957589,0.02698013473238409,0.3213138677587804,0.32746172362200654,0.001231282007233074,0.0030995030730866287,0.06886237892674459,3.5454829856142635e-05,0.10370658055373999,0.004392467923986259,0.002233381280214864,0.09919706674814739,0.0028991559925941415,0.008373162051430955,0.0023133526261120696,0.0038591957938936623,0.0706518926361385,0.006188853508357754,0.010211998657402152,0.0077405428407952195,0.0025097642768453754,0.0013027845210942582,0.0016757049687350107,0.011484698457341356,0.008315615615399572,0.0011052090922500752,0.069654224402584,0.0003583872054795991,0.5438481018823231,0.23341260856831936,0.44716030572607546,0.4414979158357354,0.4359290702290307,0.13686670243529347,0.058493931773578166,0.5458353379658278,0.795863827809968,0.8003821563936252,0.7974837926449619,0.6733307489560582,0.6048025012915362,0.09523364524309237,0.20834102544205382,0.2091714620273314,0.20966007237372644,0.07277113277821824,0.1857777138113091,0.0001677584774378824,0.0003259370788631315,0.02239883571739656,0.022210047260369986,0.019421719773794168,0.004945327450545913,0.018071200121240444,0.0022702084680325607,0.025637830815672346,0.02773116520218923,0.027431527375030733,0.00891202426704683,0.005191941962665867,0.00241148336341637,0.002858306214556831,0.0034854791988692163,0.004572702824853087,0.0025696727018077407,0.0038852322676870593,0.5382971274781002,0.2325053540044494,0.4471084735147897,0.44171660370511656,0.43636614038318844,0.1428312221109082,0.06088203092465071,0.5194809316989576,0.7936020874619234,0.8000597287964311,0.7966624076046581,0.6573038743354513,0.5902996725243703,0.100456290696232,0.20058667700630461,0.20151709931203965,0.20153583143087933,0.07200221251416468,0.1891131338869954,0.5582045258132171,0.2568090396954792,0.4855120093016566,0.4763953464586514,0.4663557712582152,0.4855426611223179,0.022715502916603056,0.7580753971831439,0.7171407762658686,0.7304620090410565,0.7201539498191845,1.0,0.5367019543988694,0.7580753971831444,0.21043877784368395,0.20556295885573983,0.20409451760830774,0.27380699707959527,0.21825347443439447
ShellEpPosStdFormal,0.011499589745300062,0.4457165419445148,0.05769303307013357,0.38130303551567857,0.38973607853424647,0.00022027221984822194,0.012721365308122777,0.07477801543000084,0.0016084669027412847,0.10151437652149503,0.006433346270281301,0.0008256985858961523,0.0871801397361462,0.010127915289103059,0.007412990679690327,0.0087531243224888,0.00549969910532782,0.06744999963069032,0.007921175837372358,0.007807134852578513,0.003761362013499488,0.002759885019967947,0.003583460552240715,0.0028035953148885114,0.01289979366062455,0.007682655627876422,0.00016732824777339293,0.06247516159040984,0.0015835869371387346,0.7224177691803175,0.25221342945805736,0.5098348722598922,0.49554136880896504,0.48683509968558686,0.18238749525467013,0.12269054491235525,0.4458412353199585,0.6684382796912598,0.6265751028590203,0.6081584481260877,0.34892342483644617,0.7462970153036981,0.06903230334516865,0.35074132306888606,0.35284716278216316,0.35441365098486055,0.12991405251572763,0.08650004293666853,0.0019090679480689872,0.0020687869198670636,0.023394869369587738,0.020572597061837932,0.016789700685194954,0.0030670529942221007,0.029265962492304006,0.006013933169525852,0.038277769767379365,0.041343578275139715,0.04177314310354379,0.016252601715452824,0.007886030780339056,0.0010035826614603663,0.00034080472053810504,0.0008125193651358459,0.0012282227229642314,0.0010348916924227162,0.00269906373411061,0.7182252568305514,0.24870601939296447,0.5110114651107183,0.4973075035659573,0.4889274162099212,0.19099831575250573,0.1284523290962491,0.45106848856287857,0.6692170205402602,0.6312253744203605,0.6134429466686322,0.3553457267757113,0.7441346164878447,0.07745199203944676,0.3410934520141546,0.34606564212995616,0.345932545598456,0.13161322681223847,0.09338638973926104,0.8919082288650629,0.28651002810711107,0.5741218057009732,0.5493101714882652,0.5293611971149245,0.5740717414195983,0.07711631622587507,0.637236527391075,0.838264802598668,0.7982550305359001,0.7237069236249161,0.5367019543988694,1.0,0.6372365273910756,0.33312005287459395,0.3300044694275167,0.327242119279316,0.4583729782417643,0.1529924138106138
NShellNegEpFormal,0.03669477650262865,0.6332832659606146,0.012151844737574425,0.4638629038330364,0.46928417150365215,0.007287433067511509,0.005633782990538766,0.05253626370241825,6.717480727612804e-06,0.13726646237988951,0.0022229338801695946,0.00032982964028554,0.14563720664102525,0.006458945209395436,0.01664163485525158,0.013317743358498323,0.018104683321313184,0.07887709064594411,0.020559568325997275,0.008427507464673934,0.004225753076321206,0.00359985608874406,0.00024617869097631805,0.0008319816501644929,0.010704303608164167,0.015015533843088655,0.006854409760025237,0.10187914699348598,0.00018663431606341391,0.6660533668162326,0.36209422240677613,0.5971390393606039,0.5893575804717666,0.5838602318238286,0.22077514251008823,0.030029746662305238,0.6059363248864067,0.654214154921212,0.6143084059750652,0.5989724359939792,0.45141771430292466,0.6721124941762622,0.13935599600237933,0.3928022356739364,0.39688989128917523,0.39872878027275604,0.15486919663857343,0.2256626254485608,0.00010330311925487348,0.0019440488587685505,0.05129113441220804,0.04859284945684106,0.041848744919503,0.018488416470977397,0.04278776362112846,0.0019613012236051304,0.03913600880233568,0.04592697647584264,0.04705881234756859,0.008929841594271355,0.0028060888521586826,0.011331503226750694,0.006585383480172606,0.007924391291037731,0.00916446611647914,0.012289021739645824,0.004983320640891804,0.6555688576891997,0.3576166589071781,0.5931389954227473,0.5859888393855922,0.5808214248429188,0.22784983081202867,0.03201551071358564,0.5977111201340514,0.6497982056743679,0.6141222176216756,0.5980742015046323,0.4543500287233247,0.6553309580963607,0.15027183888580786,0.37788701959405363,0.3831723725294179,0.383998043231863,0.15422038650295367,0.23269833137557971,0.6663693448818957,0.40543959533126467,0.7010582560905427,0.701747278922277,0.6956783817010702,0.7010220514441362,0.0075821522600838034,0.9999999999999996,0.6654662395024599,0.6439670268153088,0.6263495626980649,0.7580753971831444,0.6372365273910756,1.0,0.3973261669652992,0.3917392728050021,0.3863223166226043,0.532230268593459,0.29774258143364607
ShellEpNegMeanFormal,0.14198713523034073,0.3515701196298112,0.0531606330246029,0.7699064233403685,0.774491443557351,0.09178958831126886,0.0008664424012334777,0.0247120708513585,0.0024524914218934093,0.18393796052778105,2.5949345718896333e-05,0.00024839477747452924,0.21671129997072758,0.00014120292316608713,0.003101818526640711,0.028434238173176668,0.017367562340074742,0.041421921803534587,0.02313284371381788,0.002499965935350573,7.716363789067083e-07,0.008416142067592253,0.0013125475920958125,0.0003668269477791312,0.0002481433571264092,0.019501219983553773,0.09019324403557956,0.0037669030692803838,0.006434457366843685,0.5540391696767218,0.7660855207089117,0.8488939660925805,0.8450025297724398,0.8427969163338151,0.5128360055468657,0.0913251513515996,0.21033591097767243,0.2929973469308463,0.25349795536877556,0.24186932232454247,0.11836132984078265,0.3793993568150409,0.22083069935534475,0.9178447716461704,0.9101259093349385,0.9041188741988937,0.48065023741039004,0.4913334111642261,0.0046882142509247745,0.021953972916197245,0.08424550303119374,0.08499394995362324,0.09017885718460011,0.12646784115903598,0.01934236587167463,0.018162304858873157,0.01957012765862954,0.027140636123833616,0.029276803082972834,0.006124617123436472,1.6189465972139379e-06,0.1044608322591073,0.06497637328222809,0.06932947689380392,0.07256744487520735,0.1138384473573334,0.02194114580577897,0.544670012472039,0.7637091844349574,0.8440197704446182,0.84018939455883,0.8380668937952798,0.5228411345419709,0.08560464014744804,0.21828962091620524,0.29347328959996255,0.2555061996693553,0.2427442682396049,0.12141448532744455,0.378490399015517,0.23376864412428514,0.9137406305922776,0.9072388034711906,0.9009073444726179,0.487609047798581,0.5001131340876842,0.462238939323548,0.8231309942906447,0.8852765531271538,0.8808442255749316,0.8705177097630534,0.8852710783793326,0.20039973499125185,0.39732616696529977,0.28582769378495954,0.25862346488938914,0.2511639065334642,0.21043877784368395,0.33312005287459395,0.3973261669652992,1.0,0.9941590213008143,0.9829909960538029,0.9567383759377542,0.6351547385500618
ShellEpNegTrimeanFormal,0.13312603481004023,0.3431955550676939,0.04656671801722159,0.7498520772521273,0.7544224677765544,0.08401669672278884,0.0009368367757916179,0.02215487966646909,0.002622821873766391,0.17745187994852155,2.719980431603092e-05,0.00012491257491229995,0.21670501623636526,0.00020130424574208583,0.003227063265736988,0.02764705001265417,0.018332444921402923,0.041016483973546784,0.022247629455232447,0.0026030915012924937,9.085848199693611e-06,0.00799843789502205,0.0015255856456637758,0.00028730024902131907,0.00010933465575726112,0.018674110840306304,0.08248901567795765,0.004632136552587534,0.005175101026823667,0.5460880950907823,0.7395225738960469,0.833306421737349,0.830401190076,0.828617870786899,0.4947580872476244,0.08079120054453556,0.2064381654194821,0.2887771919374838,0.24917998394273214,0.2377980989459036,0.11196962659819229,0.3757196125697538,0.20761799828311472,0.9000815580535714,0.8942081519763435,0.8887798407815858,0.4642017031337682,0.4631728916652615,0.003383014706370489,0.02015222318728415,0.08266334847485464,0.082761565610418,0.08734956076011686,0.11776785806400647,0.020781239272618348,0.015105690803500337,0.020559149356301515,0.0282004173370443,0.030361556187954514,0.004518883965004738,2.439603199880629e-05,0.09631459999893703,0.060934917365090914,0.06521618154309042,0.06804558095298971,0.10523849849003228,0.020228384054015107,0.5367730531013691,0.7367352820570993,0.8282649699379283,0.8253924944515247,0.8236944920508003,0.5045663748964745,0.0754643849048319,0.21477790800639898,0.2887254626038562,0.25072635279852834,0.23803683639833473,0.11521573286176019,0.374788484133066,0.22027725636796833,0.8958445455509241,0.8913460364432854,0.8854501395265418,0.47101654926632974,0.471717302790746,0.4544633363028138,0.7903685466651521,0.8804235164538647,0.8818118099965843,0.8741530258903104,0.8804291674479597,0.1891560785560599,0.3917392728050025,0.2808735246523925,0.2540353179287531,0.2458968629547123,0.20556295885573983,0.3300044694275167,0.3917392728050021,0.9941590213008143,1.0,0.9952147962225912,0.9518569816924694,0.6040815881999924
ShellEpNegMedianFormal,0.12970757825200413,0.33927806488623086,0.044497181913750905,0.7339799813837419,0.7382748249080755,0.08112980444483457,0.0006173899931274396,0.023105617182071516,0.0031901247172067817,0.17469114808055336,3.2126396371185775e-06,0.000128438826526019,0.22046298259542127,0.0004287656676011478,0.0035758852875872353,0.026764872649011576,0.01716059602972925,0.04185040996198072,0.02217840375048637,0.0023193086592393766,4.7361479169870237e-07,0.009040023522990537,0.0011471992507108835,0.0003136455638708084,7.916906804825082e-05,0.017968629426238183,0.07962746893809884,0.004216295431033808,0.006113654984412243,0.5362793879881874,0.7232913953538271,0.8154970728800448,0.8128905912284007,0.8112990538751829,0.48192020001991714,0.07981768220822434,0.20354094886283672,0.2848191158778689,0.24622534435603938,0.23504992162176427,0.11436751622622537,0.37100549075394806,0.20174772836091942,0.8835637185330768,0.8784677625867119,0.8734440205637155,0.4508106741318712,0.4557243177331248,0.003710025409844519,0.020363721948626713,0.07972664937175732,0.08001689910364469,0.0850368736448778,0.11393355775528086,0.018857044786607484,0.014491936024675902,0.01886294602784769,0.026201979715103477,0.028253264382441506,0.0043278144146779605,1.6927789498549795e-08,0.09303359690802775,0.060392901679326996,0.06436056023815602,0.06703064367405352,0.10176381935404077,0.0208835887836055,0.527178686222052,0.7203112834685846,0.8104614858851913,0.8078533335622751,0.8063707325097009,0.4913345148381153,0.07454297490627407,0.21143658356241601,0.28482246209524736,0.24778350267667743,0.23519756205924758,0.11729660159242943,0.3697641736062601,0.21398767840773986,0.8792669115213021,0.8755742502724329,0.869922139285052,0.4572474015901378,0.4638354420402038,0.4469005996474586,0.7757929934105011,0.8665686854587322,0.8704988054364103,0.8658613088837968,0.8666047415983693,0.1886202162666351,0.38632231662260336,0.2794589430431553,0.25352079438562675,0.2454792485362499,0.20409451760830774,0.327242119279316,0.3863223166226043,0.9829909960538029,0.9952147962225912,1.0,0.93780648235937,0.5953639874796816
ShellEpNegSumFormal,0.13135548675495645,0.3779748021358831,0.019470961040385423,0.7890160994248663,0.7941292968486657,0.07568037886144005,9.059250137426494e-06,0.029102674015244467,0.0014961726403763555,0.18734438863671338,1.9814064591862082e-05,0.0005358194975719291,0.21621152497347632,0.0001859299312995406,0.006069482545955557,0.027814330366085088,0.021646363588287285,0.060216354301023775,0.0283763515031689,0.004000179238227256,0.00020007648823267145,0.00702430636725278,0.00031776671055008576,0.00025692140854686747,0.0013526935684990014,0.019416495353465135,0.0741106795362798,0.02072423796072303,0.00382843310319095,0.6628982202641162,0.7252259640596008,0.8790735773782489,0.872145678803159,0.8680758907611947,0.5073064200190215,0.030732668555119642,0.2727653196881425,0.3742107163692334,0.3262294491568078,0.3114465207890965,0.14206024193924,0.4953346918542243,0.21711447843363824,0.9098150696685122,0.9063926889792786,0.9016686656771217,0.4689040412520246,0.4118391574226036,0.0027212154025812907,0.019401149618910225,0.08504598014505158,0.08390242632069798,0.0844370798544842,0.10830472889997271,0.03013923586011742,0.011040734204929703,0.028315520980060335,0.037829329406899426,0.04013895565960899,0.002193923083819535,0.00017115644357519863,0.08798057873833982,0.047950634778945796,0.05230954339161316,0.055488226851465206,0.09517278765192899,0.016745444393807228,0.6512999704214382,0.7206668213034914,0.8732243006231445,0.8666509902642994,0.862829790196912,0.5179966102190965,0.027570955463101527,0.2833944673944208,0.37343608800658445,0.3278179232339163,0.3116737243685325,0.14763149297661676,0.49314288986594973,0.2317378748945949,0.9008974502560197,0.898928601877635,0.8941061992322116,0.4751311747441595,0.42227908136217285,0.590887469445056,0.7827327719898458,0.9522722906327971,0.9502261186379904,0.9398250815190999,0.9522649720291039,0.08895920237423985,0.5322302685934597,0.3981166173203297,0.3657433013868462,0.3518452599420594,0.27380699707959527,0.4583729782417643,0.532230268593459,0.9567383759377542,0.9518569816924694,0.93780648235937,1.0,0.5537427544054214
ShellEpNegStdFormal,0.14419353907894294,0.3537856205703829,0.16132243363720553,0.5882143772421867,0.5904775841168625,0.12764386097021269,0.009256666699498088,0.00856245003028615,0.0052996272058456455,0.12708598473081076,0.0020133607025031733,0.0005775736046546996,0.19466789433442272,0.0005281996730914942,0.00011400148618605705,0.014431947640761375,0.01632445267478963,0.011624976296141289,0.007838085543250467,0.0018346233934359725,0.0012069557114781943,0.008675437476884082,0.0032231137056209203,0.0010641677663968548,5.520349929180265e-05,0.011509526403678642,0.12685579925623205,0.007193139595197376,0.018648725134321125,0.2747618614833612,0.7188463311031208,0.616041185020306,0.6134486414806836,0.6126760009120502,0.41736894412711933,0.2863255831070331,0.19457599471152656,0.2051206083302029,0.18446318310708737,0.1780799924323889,0.14664171165491677,0.22298263609809402,0.2686727002751818,0.6259674163743542,0.6169736076200134,0.6155311330974349,0.37879145766293393,0.7864172716394257,0.015267667951591873,0.02041488087950793,0.07589913934298109,0.0827910633039905,0.09025008834511043,0.15791587834930884,0.0073687920920217,0.04251555840099428,0.007013950569155962,0.011214236704764641,0.012328949628184873,0.022097892006146595,0.0003194397550259379,0.13944815486735848,0.08332830623236878,0.0847279725838874,0.08763405910758333,0.14895731645489,0.023017419087350038,0.27024337226726874,0.7233939298603744,0.6127915847339979,0.6099935439964346,0.6090444082004306,0.4237194407090644,0.27854733996718084,0.19422652057720557,0.20257940546160644,0.18226004947384178,0.1757539355783086,0.1460012445521951,0.21688690770361638,0.27880297469955156,0.6243995567364562,0.6162129971091825,0.6134977164150219,0.3820529954966418,0.7890657700572878,0.18257834886628385,0.8100214552715266,0.5567247942094342,0.5334249536977804,0.5177107181596139,0.5566732488112174,0.5127634955273714,0.29774258143364557,0.15481948966501125,0.14715449322305435,0.1465454376100499,0.21825347443439447,0.1529924138106138,0.29774258143364607,0.6351547385500618,0.6040815881999924,0.5953639874796816,0.5537427544054214,1.0
